filename,v,omega
img/000.jpg,0.4000000059604645,0.7161666750907898
img/001.jpg,0.4000000059604645,0.9417499899864197
img/002.jpg,0.4000000059604645,1.193166732788086
img/003.jpg,0.4000000059604645,1.4704999923706055
img/004.jpg,0.4000000059604645,1.7236666679382324
img/005.jpg,0.4000000059604645,2.0027499198913574
img/006.jpg,0.4000000059604645,2.2325832843780518
img/007.jpg,0.4000000059604645,2.4380834102630615
img/008.jpg,0.4000000059604645,2.6693332195281982
img/009.jpg,0.4000000059604645,2.8499999046325684
img/010.jpg,0.4000000059604645,3.0
img/011.jpg,0.4000000059604645,3.174999952316284
img/012.jpg,0.4000000059604645,3.299999952316284
img/013.jpg,0.4000000059604645,3.375
img/014.jpg,0.4000000059604645,3.450000047683716
img/015.jpg,0.4000000059604645,3.5249998569488525
img/016.jpg,0.4000000059604645,3.549999952316284
img/017.jpg,0.4000000059604645,3.575000047683716
img/018.jpg,0.4000000059604645,3.625
img/019.jpg,0.4000000059604645,3.5999999046325684
img/020.jpg,0.4000000059604645,3.549999952316284
img/021.jpg,0.4000000059604645,3.549999952316284
img/022.jpg,0.4000000059604645,3.549999952316284
img/023.jpg,0.4000000059604645,3.4749999046325684
img/024.jpg,0.4000000059604645,3.375
img/025.jpg,0.4000000059604645,3.25
img/026.jpg,0.4000000059604645,3.200000047683716
img/027.jpg,0.4000000059604645,3.125
img/028.jpg,0.4000000059604645,3.0249998569488525
img/029.jpg,0.4000000059604645,2.950000047683716
img/030.jpg,0.4000000059604645,2.825000047683716
img/031.jpg,0.4000000059604645,2.799999952316284
img/032.jpg,0.4000000059604645,2.7750000953674316
img/033.jpg,0.4000000059604645,2.8999998569488525
img/034.jpg,0.4000000059604645,3.0249998569488525
img/035.jpg,0.4000000059604645,3.299999952316284
img/036.jpg,0.4000000059604645,3.5
img/037.jpg,0.4000000059604645,3.674999952316284
img/038.jpg,0.4000000059604645,3.825000047683716
img/039.jpg,0.4000000059604645,3.924999952316284
img/040.jpg,0.4000000059604645,4.050000190734863
img/041.jpg,0.4000000059604645,4.125
img/042.jpg,0.4000000059604645,4.25
img/043.jpg,0.4000000059604645,4.275000095367432
img/044.jpg,0.4000000059604645,4.300000190734863
img/045.jpg,0.4000000059604645,4.300000190734863
img/046.jpg,0.4000000059604645,4.325000286102295
img/047.jpg,0.4000000059604645,4.300000190734863
img/048.jpg,0.4000000059604645,4.25
img/049.jpg,0.4000000059604645,4.224999904632568
img/050.jpg,0.4000000059604645,4.150000095367432
img/051.jpg,0.4000000059604645,4.075000286102295
img/052.jpg,0.4000000059604645,3.9749999046325684
img/053.jpg,0.4000000059604645,3.924999952316284
img/054.jpg,0.4000000059604645,3.8499999046325684
img/055.jpg,0.4000000059604645,3.75
img/056.jpg,0.4000000059604645,3.5999999046325684
img/057.jpg,0.4000000059604645,3.4749999046325684
img/058.jpg,0.4000000059604645,3.325000047683716
img/059.jpg,0.4000000059604645,3.174999952316284
img/060.jpg,0.4000000059604645,3.0249998569488525
img/061.jpg,0.4000000059604645,2.875
img/062.jpg,0.4000000059604645,2.7249999046325684
img/063.jpg,0.4000000059604645,2.5999999046325684
img/064.jpg,0.4000000059604645,2.450000047683716
img/065.jpg,0.4000000059604645,2.299999952316284
img/066.jpg,0.4000000059604645,2.1500000953674316
img/067.jpg,0.4000000059604645,2.0250000953674316
img/068.jpg,0.4000000059604645,1.8499999046325684
img/069.jpg,0.4000000059604645,1.6749999523162842
img/070.jpg,0.4000000059604645,1.5499999523162842
img/071.jpg,0.4000000059604645,1.4499999284744263
img/072.jpg,0.4000000059604645,1.274999976158142
img/073.jpg,0.4000000059604645,1.0499999523162842
img/074.jpg,0.4000000059604645,0.925000011920929
img/075.jpg,0.4000000059604645,0.800000011920929
img/076.jpg,0.4000000059604645,0.6745833158493042
img/077.jpg,0.4000000059604645,0.47350001335144043
img/078.jpg,0.4000000059604645,0.296833336353302
img/079.jpg,0.4000000059604645,0.14466668665409088
img/080.jpg,0.4000000059604645,-0.008000011555850506
img/081.jpg,0.4000000059604645,-0.18625003099441528
img/082.jpg,0.4000000059604645,-0.3400000035762787
img/083.jpg,0.4000000059604645,-0.46916666626930237
img/084.jpg,0.4000000059604645,-0.5736666917800903
img/085.jpg,0.4000000059604645,-0.6785000562667847
img/086.jpg,0.4000000059604645,-0.7585833072662354
img/087.jpg,0.4000000059604645,-0.8138333559036255
img/088.jpg,0.4000000059604645,-0.8692499995231628
img/089.jpg,0.4000000059604645,-0.8997499942779541
img/090.jpg,0.4000000059604645,-0.9303332567214966
img/091.jpg,0.4000000059604645,-0.9610000252723694
img/092.jpg,0.4000000059604645,-0.9917500019073486
img/093.jpg,0.4000000059604645,-0.9975000023841858
img/094.jpg,0.4000000059604645,-1.003250002861023
img/095.jpg,0.4000000059604645,-1.0090000629425049
img/096.jpg,0.4000000059604645,-0.9896667003631592
img/097.jpg,0.4000000059604645,-0.9702499508857727
img/098.jpg,0.4000000059604645,-0.9507499933242798
img/099.jpg,0.4000000059604645,-0.8810000419616699
img/100.jpg,0.4000000059604645,-0.8360832929611206
img/101.jpg,0.4000000059604645,-0.8160833120346069
img/102.jpg,0.4000000059604645,-0.7207499742507935
img/103.jpg,0.4000000059604645,-0.6501666903495789
img/104.jpg,0.4000000059604645,-0.6044166684150696
img/105.jpg,0.4000000059604645,-0.5334166884422302
img/106.jpg,0.4000000059604645,-0.4872499704360962
img/107.jpg,0.4000000059604645,-0.3907499611377716
img/108.jpg,0.4000000059604645,-0.34408333897590637
img/109.jpg,0.4000000059604645,-0.24708330631256104
img/110.jpg,0.4000000059604645,-0.19991669058799744
img/111.jpg,0.4000000059604645,-0.20275002717971802
img/112.jpg,0.4000000059604645,-0.18049998581409454
img/113.jpg,0.4000000059604645,-0.08291669189929962
img/114.jpg,0.4000000059604645,0.06516668200492859
img/115.jpg,0.4000000059604645,0.26391667127609253
img/116.jpg,0.4000000059604645,0.5636666417121887
img/117.jpg,0.4000000059604645,0.8393333554267883
img/118.jpg,0.4000000059604645,1.1660833358764648
img/119.jpg,0.4000000059604645,1.443750023841858
img/120.jpg,0.4000000059604645,1.7223334312438965
img/121.jpg,0.4000000059604645,1.9767500162124634
img/122.jpg,0.4000000059604645,2.2570834159851074
img/123.jpg,0.4000000059604645,2.4881668090820312
img/124.jpg,0.4000000059604645,2.7200000286102295
img/125.jpg,0.4000000059604645,2.9525833129882812
img/126.jpg,0.4000000059604645,3.110666513442993
img/127.jpg,0.4000000059604645,3.2943332195281982
img/128.jpg,0.4000000059604645,3.4535000324249268
img/129.jpg,0.4000000059604645,3.588083267211914
img/130.jpg,0.4000000059604645,3.6729166507720947
img/131.jpg,0.4000000059604645,3.758000135421753
img/132.jpg,0.4000000059604645,3.7931666374206543
img/133.jpg,0.4000000059604645,3.8284168243408203
img/134.jpg,0.4000000059604645,3.8135833740234375
img/135.jpg,0.4000000059604645,3.8237500190734863
img/136.jpg,0.4000000059604645,3.808833360671997
img/137.jpg,0.4000000059604645,3.768749952316284
img/138.jpg,0.4000000059604645,3.700000047683716
img/139.jpg,0.4000000059604645,3.5999999046325684
img/140.jpg,0.4000000059604645,3.5999999046325684
img/141.jpg,0.4000000059604645,3.5999999046325684
img/142.jpg,0.4000000059604645,3.575000047683716
img/143.jpg,0.4000000059604645,3.5
img/144.jpg,0.4000000059604645,3.4749999046325684
img/145.jpg,0.4000000059604645,3.5249998569488525
img/146.jpg,0.4000000059604645,3.575000047683716
img/147.jpg,0.4000000059604645,3.625
img/148.jpg,0.4000000059604645,3.7749998569488525
img/149.jpg,0.4000000059604645,3.950000047683716
img/150.jpg,0.4000000059604645,4.075000286102295
img/151.jpg,0.4000000059604645,4.224999904632568
img/152.jpg,0.4000000059604645,4.300000190734863
img/153.jpg,0.4000000059604645,4.400000095367432
img/154.jpg,0.4000000059604645,4.450000286102295
img/155.jpg,0.4000000059604645,4.525000095367432
img/156.jpg,0.4000000059604645,4.550000190734863
img/157.jpg,0.4000000059604645,4.525000095367432
img/158.jpg,0.4000000059604645,4.5
img/159.jpg,0.4000000059604645,4.5
img/160.jpg,0.4000000059604645,4.474999904632568
img/161.jpg,0.4000000059604645,4.400000095367432
img/162.jpg,0.4000000059604645,4.325000286102295
img/163.jpg,0.4000000059604645,4.200000286102295
img/164.jpg,0.4000000059604645,4.150000095367432
img/165.jpg,0.4000000059604645,4.050000190734863
img/166.jpg,0.4000000059604645,3.950000047683716
img/167.jpg,0.4000000059604645,3.7749998569488525
img/168.jpg,0.4000000059604645,3.6499998569488525
img/169.jpg,0.4000000059604645,3.4749999046325684
img/170.jpg,0.4000000059604645,3.299999952316284
img/171.jpg,0.4000000059604645,3.0999999046325684
img/172.jpg,0.4000000059604645,2.875
img/173.jpg,0.4000000059604645,2.4749999046325684
img/174.jpg,0.4000000059604645,2.2750000953674316
img/175.jpg,0.4000000059604645,2.075000047683716
img/176.jpg,0.4000000059604645,1.899999976158142
img/177.jpg,0.4000000059604645,1.6999999284744263
img/178.jpg,0.4000000059604645,1.5
img/179.jpg,0.4000000059604645,1.350000023841858
img/180.jpg,0.4000000059604645,1.2000000476837158
img/181.jpg,0.4000000059604645,1.0499999523162842
img/182.jpg,0.4000000059604645,0.8999999761581421
img/183.jpg,0.4000000059604645,0.7749166488647461
img/184.jpg,0.4000000059604645,0.6744999885559082
img/185.jpg,0.4000000059604645,0.5486666560173035
img/186.jpg,0.4000000059604645,0.42241665720939636
img/187.jpg,0.4000000059604645,0.32083332538604736
img/188.jpg,0.4000000059604645,0.2690833508968353
img/189.jpg,0.4000000059604645,0.242249995470047
img/190.jpg,0.4000000059604645,0.21533334255218506
img/191.jpg,0.4000000059604645,0.18833330273628235
img/192.jpg,0.4000000059604645,0.1863333135843277
img/193.jpg,0.4000000059604645,0.20941667258739471
img/194.jpg,0.4000000059604645,0.20750001072883606
img/195.jpg,0.4000000059604645,0.2055833488702774
img/196.jpg,0.4000000059604645,0.20366667211055756
img/197.jpg,0.4000000059604645,0.22683332860469818
img/198.jpg,0.4000000059604645,0.2500833570957184
img/199.jpg,0.4000000059604645,0.273416668176651
img/200.jpg,0.4000000059604645,0.296833336353302
img/201.jpg,0.4000000059604645,0.320333331823349
img/202.jpg,0.4000000059604645,0.343916654586792
img/203.jpg,0.4000000059604645,0.3425000011920929
img/204.jpg,0.4000000059604645,0.3661666512489319
img/205.jpg,0.4000000059604645,0.3648333251476288
img/206.jpg,0.4000000059604645,0.3634999990463257
img/207.jpg,0.4000000059604645,0.38725000619888306
img/208.jpg,0.4000000059604645,0.4110833406448364
img/209.jpg,0.4000000059604645,0.4099166691303253
img/210.jpg,0.4000000059604645,0.45891666412353516
img/211.jpg,0.4000000059604645,0.4829999804496765
img/212.jpg,0.4000000059604645,0.5071666836738586
img/213.jpg,0.4000000059604645,0.531416654586792
img/214.jpg,0.4000000059604645,0.5808333158493042
img/215.jpg,0.4000000059604645,0.6304166913032532
img/216.jpg,0.4000000059604645,0.7052500247955322
img/217.jpg,0.4000000059604645,0.8806666731834412
img/218.jpg,0.4000000059604645,1.1068333387374878
img/219.jpg,0.4000000059604645,1.4842500686645508
img/220.jpg,0.4000000059604645,1.8880000114440918
img/221.jpg,0.4000000059604645,2.2429165840148926
img/222.jpg,0.4000000059604645,2.6240832805633545
img/223.jpg,0.4000000059604645,3.006500005722046
img/224.jpg,0.4000000059604645,3.3149168491363525
img/225.jpg,0.4000000059604645,3.624333381652832
img/226.jpg,0.4000000059604645,3.950000047683716
img/227.jpg,0.4000000059604645,4.25
img/228.jpg,0.4000000059604645,4.525000095367432
img/229.jpg,0.4000000059604645,4.825000286102295
img/230.jpg,0.4000000059604645,5.075000286102295
img/231.jpg,0.4000000059604645,5.275000095367432
img/232.jpg,0.4000000059604645,5.400000095367432
img/233.jpg,0.4000000059604645,5.425000190734863
img/234.jpg,0.4000000059604645,5.400000095367432
img/235.jpg,0.4000000059604645,5.375
img/236.jpg,0.4000000059604645,5.350000381469727
img/237.jpg,0.4000000059604645,5.275000095367432
img/238.jpg,0.4000000059604645,5.150000095367432
img/239.jpg,0.4000000059604645,4.975000381469727
img/240.jpg,0.4000000059604645,4.825000286102295
img/241.jpg,0.4000000059604645,4.724999904632568
img/242.jpg,0.4000000059604645,4.550000190734863
img/243.jpg,0.4000000059604645,4.349999904632568
img/244.jpg,0.4000000059604645,4.150000095367432
img/245.jpg,0.4000000059604645,3.4749999046325684
img/246.jpg,0.4000000059604645,2.674999952316284
img/247.jpg,0.4000000059604645,1.9749999046325684
img/248.jpg,0.4000000059604645,1.399999976158142
img/249.jpg,0.4000000059604645,1.625
img/250.jpg,0.4000000059604645,1.2999999523162842
img/251.jpg,0.4000000059604645,1.0750000476837158
img/252.jpg,0.4000000059604645,1.4499999284744263
img/253.jpg,0.4000000059604645,1.0750000476837158
img/254.jpg,0.4000000059604645,1.225000023841858
img/255.jpg,0.4000000059604645,1.5
img/256.jpg,0.4000000059604645,1.9249999523162842
img/257.jpg,0.4000000059604645,2.2249999046325684
img/258.jpg,0.4000000059604645,2.2249999046325684
img/259.jpg,0.4000000059604645,2.325000047683716
img/260.jpg,0.4000000059604645,2.3499999046325684
img/261.jpg,0.4000000059604645,2.424999952316284
img/262.jpg,0.4000000059604645,2.549999952316284
img/263.jpg,0.4000000059604645,2.7249999046325684
img/264.jpg,0.4000000059604645,2.950000047683716
img/265.jpg,0.4000000059604645,3.25
img/266.jpg,0.4000000059604645,3.375
img/267.jpg,0.4000000059604645,3.4749999046325684
img/268.jpg,0.4000000059604645,3.5999999046325684
img/269.jpg,0.4000000059604645,3.700000047683716
img/270.jpg,0.4000000059604645,3.7749998569488525
img/271.jpg,0.4000000059604645,3.8499999046325684
img/272.jpg,0.4000000059604645,3.875
img/273.jpg,0.4000000059604645,3.875
img/274.jpg,0.4000000059604645,3.875
img/275.jpg,0.4000000059604645,3.875
img/276.jpg,0.4000000059604645,3.799999952316284
img/277.jpg,0.4000000059604645,3.7249999046325684
img/278.jpg,0.4000000059604645,3.674999952316284
img/279.jpg,0.4000000059604645,3.575000047683716
img/280.jpg,0.4000000059604645,3.5
img/281.jpg,0.4000000059604645,3.375
img/282.jpg,0.4000000059604645,3.25
img/283.jpg,0.4000000059604645,3.125
img/284.jpg,0.4000000059604645,3.0
img/285.jpg,0.4000000059604645,2.8499999046325684
img/286.jpg,0.4000000059604645,2.700000047683716
img/287.jpg,0.4000000059604645,2.549999952316284
img/288.jpg,0.4000000059604645,2.375
img/289.jpg,0.4000000059604645,2.1500000953674316
img/290.jpg,0.4000000059604645,1.9499999284744263
img/291.jpg,0.4000000059604645,1.75
img/292.jpg,0.4000000059604645,1.5749999284744263
img/293.jpg,0.4000000059604645,1.399999976158142
img/294.jpg,0.4000000059604645,1.25
img/295.jpg,0.4000000059604645,1.100000023841858
img/296.jpg,0.4000000059604645,0.949999988079071
img/297.jpg,0.4000000059604645,0.824999988079071
img/298.jpg,0.4000000059604645,0.6996666789054871
img/299.jpg,0.4000000059604645,0.5488333106040955
img/300.jpg,0.4000000059604645,0.42258334159851074
img/301.jpg,0.4000000059604645,0.3460833430290222
img/302.jpg,0.4000000059604645,0.2693333625793457
img/303.jpg,0.4000000059604645,0.19233331084251404
img/304.jpg,0.4000000059604645,0.11508332192897797
img/305.jpg,0.4000000059604645,0.012500024400651455
img/306.jpg,0.4000000059604645,-0.040249988436698914
img/307.jpg,0.4000000059604645,-0.11824997514486313
img/308.jpg,0.4000000059604645,-0.17141665518283844
img/309.jpg,0.4000000059604645,-0.22474999725818634
img/310.jpg,0.4000000059604645,-0.27824994921684265
img/311.jpg,0.4000000059604645,-0.3569999933242798
img/312.jpg,0.4000000059604645,-0.41091662645339966
img/313.jpg,0.4000000059604645,-0.4399167001247406
img/314.jpg,0.4000000059604645,-0.5191666483879089
img/315.jpg,0.4000000059604645,-0.5735833644866943
img/316.jpg,0.4000000059604645,-0.5780000686645508
img/317.jpg,0.4000000059604645,-0.6325833201408386
img/318.jpg,0.4000000059604645,-0.6873332858085632
img/319.jpg,0.4000000059604645,-0.7422500252723694
img/320.jpg,0.4000000059604645,-0.7722499966621399
img/321.jpg,0.4000000059604645,-0.8274165987968445
img/322.jpg,0.4000000059604645,-0.8576667308807373
img/323.jpg,0.4000000059604645,-0.812749981880188
img/324.jpg,0.4000000059604645,-0.8178333044052124
img/325.jpg,0.4000000059604645,-0.7978333234786987
img/326.jpg,0.4000000059604645,-0.752666711807251
img/327.jpg,0.4000000059604645,-0.7073333263397217
img/328.jpg,0.4000000059604645,-0.5364167094230652
img/329.jpg,0.4000000059604645,-0.4652499854564667
img/330.jpg,0.4000000059604645,-0.4189167022705078
img/331.jpg,0.4000000059604645,-0.2720833122730255
img/332.jpg,0.4000000059604645,-0.07458332926034927
img/333.jpg,0.4000000059604645,0.09850001335144043
img/334.jpg,0.4000000059604645,0.32233333587646484
img/335.jpg,0.4000000059604645,0.546916663646698
img/336.jpg,0.4000000059604645,0.8475000262260437
img/337.jpg,0.4000000059604645,1.1741666793823242
img/338.jpg,0.4000000059604645,1.6273332834243774
img/339.jpg,0.4000000059604645,2.0820000171661377
img/340.jpg,0.4000000059604645,2.437833309173584
img/341.jpg,0.4000000059604645,2.7697501182556152
img/342.jpg,0.4000000059604645,3.077666759490967
img/343.jpg,0.4000000059604645,3.3865833282470703
img/344.jpg,0.4000000059604645,3.6212501525878906
img/345.jpg,0.4000000059604645,3.831583261489868
img/346.jpg,0.4000000059604645,4.268333435058594
img/347.jpg,0.4000000059604645,4.48075008392334
img/348.jpg,0.4000000059604645,4.6185832023620605
img/349.jpg,0.4000000059604645,4.706666469573975
img/350.jpg,0.4000000059604645,4.795000076293945
img/351.jpg,0.4000000059604645,4.850000381469727
img/352.jpg,0.4000000059604645,4.875
img/353.jpg,0.4000000059604645,4.850000381469727
img/354.jpg,0.4000000059604645,4.825000286102295
img/355.jpg,0.4000000059604645,4.724999904632568
img/356.jpg,0.4000000059604645,4.625
img/357.jpg,0.4000000059604645,4.525000095367432
img/358.jpg,0.4000000059604645,4.425000190734863
img/359.jpg,0.4000000059604645,4.275000095367432
img/360.jpg,0.4000000059604645,4.099999904632568
img/361.jpg,0.4000000059604645,3.924999952316284
img/362.jpg,0.4000000059604645,3.75
img/363.jpg,0.4000000059604645,3.575000047683716
img/364.jpg,0.4000000059604645,3.424999952316284
img/365.jpg,0.4000000059604645,3.2749998569488525
img/366.jpg,0.4000000059604645,3.125
img/367.jpg,0.4000000059604645,2.950000047683716
img/368.jpg,0.4000000059604645,2.8499999046325684
img/369.jpg,0.4000000059604645,2.7249999046325684
img/370.jpg,0.4000000059604645,2.625
img/371.jpg,0.4000000059604645,2.4749999046325684
img/372.jpg,0.4000000059604645,2.4000000953674316
img/373.jpg,0.4000000059604645,2.375
img/374.jpg,0.4000000059604645,2.4000000953674316
img/375.jpg,0.4000000059604645,2.450000047683716
img/376.jpg,0.4000000059604645,2.575000047683716
img/377.jpg,0.4000000059604645,2.5999999046325684
img/378.jpg,0.4000000059604645,2.6500000953674316
img/379.jpg,0.4000000059604645,2.6500000953674316
img/380.jpg,0.4000000059604645,2.700000047683716
img/381.jpg,0.4000000059604645,2.674999952316284
img/382.jpg,0.4000000059604645,2.674999952316284
img/383.jpg,0.4000000059604645,2.6500000953674316
img/384.jpg,0.4000000059604645,2.5999999046325684
img/385.jpg,0.4000000059604645,2.575000047683716
img/386.jpg,0.4000000059604645,2.5250000953674316
img/387.jpg,0.4000000059604645,2.5250000953674316
img/388.jpg,0.4000000059604645,2.5
img/389.jpg,0.4000000059604645,2.4749999046325684
img/390.jpg,0.4000000059604645,2.450000047683716
img/391.jpg,0.4000000059604645,2.4000000953674316
img/392.jpg,0.4000000059604645,2.375
img/393.jpg,0.4000000059604645,2.325000047683716
img/394.jpg,0.4000000059604645,2.25
img/395.jpg,0.4000000059604645,2.200000047683716
img/396.jpg,0.4000000059604645,2.1500000953674316
img/397.jpg,0.4000000059604645,2.075000047683716
img/398.jpg,0.4000000059604645,1.9749999046325684
img/399.jpg,0.4000000059604645,1.875
img/400.jpg,0.4000000059604645,1.7999999523162842
img/401.jpg,0.4000000059604645,1.6749999523162842
img/402.jpg,0.4000000059604645,1.600000023841858
img/403.jpg,0.4000000059604645,1.524999976158142
img/404.jpg,0.4000000059604645,1.4249999523162842
img/405.jpg,0.4000000059604645,1.3249999284744263
img/406.jpg,0.4000000059604645,1.1749999523162842
img/407.jpg,0.4000000059604645,1.0750000476837158
img/408.jpg,0.4000000059604645,0.9750000238418579
img/409.jpg,0.4000000059604645,0.8999999761581421
img/410.jpg,0.4000000059604645,0.800000011920929
img/411.jpg,0.4000000059604645,0.7247499823570251
img/412.jpg,0.4000000059604645,0.6743333339691162
img/413.jpg,0.4000000059604645,0.5986666679382324
img/414.jpg,0.4000000059604645,0.5478333234786987
img/415.jpg,0.4000000059604645,0.47175002098083496
img/416.jpg,0.4000000059604645,0.4205000102519989
img/417.jpg,0.4000000059604645,0.3440000116825104
img/418.jpg,0.4000000059604645,0.29233333468437195
img/419.jpg,0.4000000059604645,0.24049998819828033
img/420.jpg,0.4000000059604645,0.18849997222423553
img/421.jpg,0.4000000059604645,0.1614166647195816
img/422.jpg,0.4000000059604645,0.13425002992153168
img/423.jpg,0.4000000059604645,0.13208335638046265
img/424.jpg,0.4000000059604645,0.10483331978321075
img/425.jpg,0.4000000059604645,0.07750001549720764
img/426.jpg,0.4000000059604645,0.050083309412002563
img/427.jpg,0.4000000059604645,0.04766664281487465
img/428.jpg,0.4000000059604645,0.0201666671782732
img/429.jpg,0.4000000059604645,-0.0074166422709822655
img/430.jpg,0.4000000059604645,-0.009999975562095642
img/431.jpg,0.4000000059604645,-0.012583308853209019
img/432.jpg,0.4000000059604645,-0.015166642144322395
img/433.jpg,0.4000000059604645,0.007333334069699049
img/434.jpg,0.4000000059604645,0.08008332550525665
img/435.jpg,0.4000000059604645,0.22833335399627686
img/436.jpg,0.4000000059604645,0.4021666646003723
img/437.jpg,0.4000000059604645,0.6518333554267883
img/438.jpg,0.4000000059604645,0.9023333191871643
img/439.jpg,0.4000000059604645,1.2038333415985107
img/440.jpg,0.4000000059604645,1.4561666250228882
img/441.jpg,0.4000000059604645,1.7093333005905151
img/442.jpg,0.4000000059604645,1.9633333683013916
img/443.jpg,0.4000000059604645,2.2181668281555176
img/444.jpg,0.4000000059604645,2.39858341217041
img/445.jpg,0.4000000059604645,2.6046667098999023
img/446.jpg,0.4000000059604645,2.7612500190734863
img/447.jpg,0.4000000059604645,2.9183332920074463
img/448.jpg,0.4000000059604645,3.049999952316284
img/449.jpg,0.4000000059604645,3.125
img/450.jpg,0.4000000059604645,3.200000047683716
img/451.jpg,0.4000000059604645,3.299999952316284
img/452.jpg,0.4000000059604645,3.3499999046325684
img/453.jpg,0.4000000059604645,3.3999998569488525
img/454.jpg,0.4000000059604645,3.375
img/455.jpg,0.4000000059604645,3.375
img/456.jpg,0.4000000059604645,3.375
img/457.jpg,0.4000000059604645,3.325000047683716
img/458.jpg,0.4000000059604645,3.2749998569488525
img/459.jpg,0.4000000059604645,3.200000047683716
img/460.jpg,0.4000000059604645,3.125
img/461.jpg,0.4000000059604645,3.049999952316284
img/462.jpg,0.4000000059604645,2.9749999046325684
img/463.jpg,0.4000000059604645,2.924999952316284
img/464.jpg,0.4000000059604645,2.8499999046325684
img/465.jpg,0.4000000059604645,2.799999952316284
img/466.jpg,0.4000000059604645,2.700000047683716
img/467.jpg,0.4000000059604645,2.674999952316284
img/468.jpg,0.4000000059604645,2.700000047683716
img/469.jpg,0.4000000059604645,2.799999952316284
img/470.jpg,0.4000000059604645,3.0
img/471.jpg,0.4000000059604645,3.2249999046325684
img/472.jpg,0.4000000059604645,3.4749999046325684
img/473.jpg,0.4000000059604645,3.6499998569488525
img/474.jpg,0.4000000059604645,3.7749998569488525
img/475.jpg,0.4000000059604645,3.8999998569488525
img/476.jpg,0.4000000059604645,4.025000095367432
img/477.jpg,0.4000000059604645,4.099999904632568
img/478.jpg,0.4000000059604645,4.150000095367432
img/479.jpg,0.4000000059604645,4.200000286102295
img/480.jpg,0.4000000059604645,4.224999904632568
img/481.jpg,0.4000000059604645,4.224999904632568
img/482.jpg,0.4000000059604645,4.224999904632568
img/483.jpg,0.4000000059604645,4.224999904632568
img/484.jpg,0.4000000059604645,4.150000095367432
img/485.jpg,0.4000000059604645,4.125
img/486.jpg,0.4000000059604645,4.025000095367432
img/487.jpg,0.4000000059604645,3.950000047683716
img/488.jpg,0.4000000059604645,3.8499999046325684
img/489.jpg,0.4000000059604645,3.7749998569488525
img/490.jpg,0.4000000059604645,3.674999952316284
img/491.jpg,0.4000000059604645,3.575000047683716
img/492.jpg,0.4000000059604645,3.3999998569488525
img/493.jpg,0.4000000059604645,3.2749998569488525
img/494.jpg,0.4000000059604645,3.075000047683716
img/495.jpg,0.4000000059604645,2.950000047683716
img/496.jpg,0.4000000059604645,2.75
img/497.jpg,0.4000000059604645,2.575000047683716
img/498.jpg,0.4000000059604645,2.4000000953674316
img/499.jpg,0.4000000059604645,2.2249999046325684
img/500.jpg,0.4000000059604645,2.049999952316284
img/501.jpg,0.4000000059604645,1.899999976158142
img/502.jpg,0.4000000059604645,1.725000023841858
img/503.jpg,0.4000000059604645,1.4249999523162842
img/504.jpg,0.4000000059604645,1.2999999523162842
img/505.jpg,0.4000000059604645,1.0499999523162842
img/506.jpg,0.4000000059604645,0.8999999761581421
img/507.jpg,0.4000000059604645,0.800000011920929
img/508.jpg,0.4000000059604645,0.6495000123977661
img/509.jpg,0.4000000059604645,0.5235833525657654
img/510.jpg,0.4000000059604645,0.3721666634082794
img/511.jpg,0.4000000059604645,0.2955000102519989
img/512.jpg,0.4000000059604645,0.19349998235702515
img/513.jpg,0.4000000059604645,0.0911666750907898
img/514.jpg,0.4000000059604645,0.013583357445895672
img/515.jpg,0.4000000059604645,-0.06425002217292786
img/516.jpg,0.4000000059604645,-0.14233334362506866
img/517.jpg,0.4000000059604645,-0.24574998021125793
img/518.jpg,0.4000000059604645,-0.299333393573761
img/519.jpg,0.4000000059604645,-0.37816664576530457
img/520.jpg,0.4000000059604645,-0.43216672539711
img/521.jpg,0.4000000059604645,-0.5114166140556335
img/522.jpg,0.4000000059604645,-0.5658333897590637
img/523.jpg,0.4000000059604645,-0.6204166412353516
img/524.jpg,0.4000000059604645,-0.6500833034515381
img/525.jpg,0.4000000059604645,-0.7049167156219482
img/526.jpg,0.4000000059604645,-0.7348333597183228
img/527.jpg,0.4000000059604645,-0.7648333311080933
img/528.jpg,0.4000000059604645,-0.7698333263397217
img/529.jpg,0.4000000059604645,-0.7748333215713501
img/530.jpg,0.4000000059604645,-0.7798333168029785
img/531.jpg,0.4000000059604645,-0.7597500085830688
img/532.jpg,0.4000000059604645,-0.6894166469573975
img/533.jpg,0.4000000059604645,-0.668999969959259
img/534.jpg,0.4000000059604645,-0.6234167218208313
img/535.jpg,0.4000000059604645,-0.5525833368301392
img/536.jpg,0.4000000059604645,-0.48149994015693665
img/537.jpg,0.4000000059604645,-0.46033331751823425
img/538.jpg,0.4000000059604645,-0.4140000343322754
img/539.jpg,0.4000000059604645,-0.3674999475479126
img/540.jpg,0.4000000059604645,-0.32083332538604736
img/541.jpg,0.4000000059604645,-0.27399998903274536
img/542.jpg,0.4000000059604645,-0.22699996829032898
img/543.jpg,0.4000000059604645,-0.20491667091846466
img/544.jpg,0.4000000059604645,-0.23291663825511932
img/545.jpg,0.4000000059604645,-0.2359166443347931
img/546.jpg,0.4000000059604645,-0.13858334720134735
img/547.jpg,0.4000000059604645,0.009250025264918804
img/548.jpg,0.4000000059604645,0.23283332586288452
img/549.jpg,0.4000000059604645,0.5073333382606506
img/550.jpg,0.4000000059604645,0.8078333139419556
img/551.jpg,0.4000000059604645,1.1344166994094849
img/552.jpg,0.4000000059604645,1.437000036239624
img/553.jpg,0.4000000059604645,1.715499997138977
img/554.jpg,0.4000000059604645,2.0199999809265137
img/555.jpg,0.4000000059604645,2.325500011444092
img/556.jpg,0.4000000059604645,2.5065834522247314
img/557.jpg,0.4000000059604645,2.7133333683013916
img/558.jpg,0.4000000059604645,2.945833444595337
img/559.jpg,0.4000000059604645,3.1540000438690186
img/560.jpg,0.4000000059604645,3.287583351135254
img/561.jpg,0.4000000059604645,3.3964998722076416
img/562.jpg,0.4000000059604645,3.455583333969116
img/563.jpg,0.4000000059604645,3.539916515350342
img/564.jpg,0.4000000059604645,3.599416494369507
img/565.jpg,0.4000000059604645,3.6089165210723877
img/566.jpg,0.4000000059604645,3.5933334827423096
img/567.jpg,0.4000000059604645,3.5776665210723877
img/568.jpg,0.4000000059604645,3.5619168281555176
img/569.jpg,0.4000000059604645,3.4708333015441895
img/570.jpg,0.4000000059604645,3.375
img/571.jpg,0.4000000059604645,3.299999952316284
img/572.jpg,0.4000000059604645,3.25
img/573.jpg,0.4000000059604645,3.200000047683716
img/574.jpg,0.4000000059604645,3.1499998569488525
img/575.jpg,0.4000000059604645,3.1499998569488525
img/576.jpg,0.4000000059604645,3.125
img/577.jpg,0.4000000059604645,3.174999952316284
img/578.jpg,0.4000000059604645,3.200000047683716
img/579.jpg,0.4000000059604645,3.2749998569488525
img/580.jpg,0.4000000059604645,3.450000047683716
img/581.jpg,0.4000000059604645,3.6499998569488525
img/582.jpg,0.4000000059604645,3.875
img/583.jpg,0.4000000059604645,4.025000095367432
img/584.jpg,0.4000000059604645,4.175000190734863
img/585.jpg,0.4000000059604645,4.275000095367432
img/586.jpg,0.4000000059604645,4.375
img/587.jpg,0.4000000059604645,4.425000190734863
img/588.jpg,0.4000000059604645,4.5
img/589.jpg,0.4000000059604645,4.474999904632568
img/590.jpg,0.4000000059604645,4.450000286102295
img/591.jpg,0.4000000059604645,4.400000095367432
img/592.jpg,0.4000000059604645,4.349999904632568
img/593.jpg,0.4000000059604645,4.300000190734863
img/594.jpg,0.4000000059604645,4.224999904632568
img/595.jpg,0.4000000059604645,4.150000095367432
img/596.jpg,0.4000000059604645,4.050000190734863
img/597.jpg,0.4000000059604645,3.950000047683716
img/598.jpg,0.4000000059604645,3.799999952316284
img/599.jpg,0.4000000059604645,3.7249999046325684
img/600.jpg,0.4000000059604645,3.5999999046325684
img/601.jpg,0.4000000059604645,3.5
img/602.jpg,0.4000000059604645,3.375
img/603.jpg,0.4000000059604645,3.2249999046325684
img/604.jpg,0.4000000059604645,3.075000047683716
img/605.jpg,0.4000000059604645,2.8999998569488525
img/606.jpg,0.4000000059604645,2.7249999046325684
img/607.jpg,0.4000000059604645,2.575000047683716
img/608.jpg,0.4000000059604645,2.4000000953674316
img/609.jpg,0.4000000059604645,2.2249999046325684
img/610.jpg,0.4000000059604645,2.0250000953674316
img/611.jpg,0.4000000059604645,1.8499999046325684
img/612.jpg,0.4000000059604645,1.6749999523162842
img/613.jpg,0.4000000059604645,1.475000023841858
img/614.jpg,0.4000000059604645,1.25
img/615.jpg,0.4000000059604645,1.0750000476837158
img/616.jpg,0.4000000059604645,0.8999999761581421
img/617.jpg,0.4000000059604645,0.7749166488647461
img/618.jpg,0.4000000059604645,0.5992500185966492
img/619.jpg,0.4000000059604645,0.4480833411216736
img/620.jpg,0.4000000059604645,0.3465833365917206
img/621.jpg,0.4000000059604645,0.2447499930858612
img/622.jpg,0.4000000059604645,0.16766667366027832
img/623.jpg,0.4000000059604645,0.09033334255218506
img/624.jpg,0.4000000059604645,0.037833333015441895
img/625.jpg,0.4000000059604645,0.010250024497509003
img/626.jpg,0.4000000059604645,-0.017416678369045258
img/627.jpg,0.4000000059604645,-0.04516665264964104
img/628.jpg,0.4000000059604645,-0.07300002127885818
img/629.jpg,0.4000000059604645,-0.10091666877269745
img/630.jpg,0.4000000059604645,-0.1289166361093521
img/631.jpg,0.4000000059604645,-0.13191664218902588
img/632.jpg,0.4000000059604645,-0.13491664826869965
img/633.jpg,0.4000000059604645,-0.11283333599567413
img/634.jpg,0.4000000059604645,-0.09066668897867203
img/635.jpg,0.4000000059604645,-0.04333334416151047
img/636.jpg,0.4000000059604645,0.004166667349636555
img/637.jpg,0.4000000059604645,0.026749975979328156
img/638.jpg,0.4000000059604645,0.0494166798889637
img/639.jpg,0.4000000059604645,0.04708334431052208
img/640.jpg,0.4000000059604645,0.06983332335948944
img/641.jpg,0.4000000059604645,0.09266669303178787
img/642.jpg,0.4000000059604645,0.11558333784341812
img/643.jpg,0.4000000059604645,0.13858331739902496
img/644.jpg,0.4000000059604645,0.16166667640209198
img/645.jpg,0.4000000059604645,0.20991669595241547
img/646.jpg,0.4000000059604645,0.2081666886806488
img/647.jpg,0.4000000059604645,0.23149999976158142
img/648.jpg,0.4000000059604645,0.2549166679382324
img/649.jpg,0.4000000059604645,0.32858332991600037
img/650.jpg,0.4000000059604645,0.4777500033378601
img/651.jpg,0.4000000059604645,0.6524999737739563
img/652.jpg,0.4000000059604645,0.953249990940094
img/653.jpg,0.4000000059604645,1.3553333282470703
img/654.jpg,0.4000000059604645,1.7336666584014893
img/655.jpg,0.4000000059604645,2.0630834102630615
img/656.jpg,0.4000000059604645,2.4186666011810303
img/657.jpg,0.4000000059604645,2.700166702270508
img/658.jpg,0.4000000059604645,2.9574999809265137
img/659.jpg,0.4000000059604645,3.2156667709350586
img/660.jpg,0.4000000059604645,3.4746668338775635
img/661.jpg,0.4000000059604645,3.684333324432373
img/662.jpg,0.4000000059604645,3.8695833683013916
img/663.jpg,0.4000000059604645,4.025000095367432
img/664.jpg,0.4000000059604645,4.175000190734863
img/665.jpg,0.4000000059604645,4.300000190734863
img/666.jpg,0.4000000059604645,4.375
img/667.jpg,0.4000000059604645,4.400000095367432
img/668.jpg,0.4000000059604645,4.425000190734863
img/669.jpg,0.4000000059604645,4.400000095367432
img/670.jpg,0.4000000059604645,4.400000095367432
img/671.jpg,0.4000000059604645,4.349999904632568
img/672.jpg,0.4000000059604645,4.349999904632568
img/673.jpg,0.4000000059604645,4.300000190734863
img/674.jpg,0.4000000059604645,4.224999904632568
img/675.jpg,0.4000000059604645,4.150000095367432
img/676.jpg,0.4000000059604645,4.050000190734863
img/677.jpg,0.4000000059604645,3.950000047683716
img/678.jpg,0.4000000059604645,3.325000047683716
img/679.jpg,0.4000000059604645,2.5250000953674316
img/680.jpg,0.4000000059604645,2.3499999046325684
img/681.jpg,0.4000000059604645,2.075000047683716
img/682.jpg,0.4000000059604645,2.325000047683716
img/683.jpg,0.4000000059604645,1.6999999284744263
img/684.jpg,0.4000000059604645,1.350000023841858
img/685.jpg,0.4000000059604645,1.2000000476837158
img/686.jpg,0.4000000059604645,1.2999999523162842
img/687.jpg,0.4000000059604645,1.475000023841858
img/688.jpg,0.4000000059604645,1.9749999046325684
img/689.jpg,0.4000000059604645,2.3499999046325684
img/690.jpg,0.4000000059604645,2.5250000953674316
img/691.jpg,0.4000000059604645,2.5
img/692.jpg,0.4000000059604645,2.549999952316284
img/693.jpg,0.4000000059604645,2.6500000953674316
img/694.jpg,0.4000000059604645,2.7750000953674316
img/695.jpg,0.4000000059604645,2.950000047683716
img/696.jpg,0.4000000059604645,3.25
img/697.jpg,0.4000000059604645,3.424999952316284
img/698.jpg,0.4000000059604645,3.5249998569488525
img/699.jpg,0.4000000059604645,3.575000047683716
img/700.jpg,0.4000000059604645,3.6499998569488525
img/701.jpg,0.4000000059604645,3.7249999046325684
img/702.jpg,0.4000000059604645,3.75
img/703.jpg,0.4000000059604645,3.799999952316284
img/704.jpg,0.4000000059604645,3.8499999046325684
img/705.jpg,0.4000000059604645,3.875
img/706.jpg,0.4000000059604645,3.875
img/707.jpg,0.4000000059604645,3.8499999046325684
img/708.jpg,0.4000000059604645,3.799999952316284
img/709.jpg,0.4000000059604645,3.7249999046325684
img/710.jpg,0.4000000059604645,3.625
img/711.jpg,0.4000000059604645,3.5249998569488525
img/712.jpg,0.4000000059604645,3.3999998569488525
img/713.jpg,0.4000000059604645,3.2749998569488525
img/714.jpg,0.4000000059604645,3.1499998569488525
img/715.jpg,0.4000000059604645,3.0
img/716.jpg,0.4000000059604645,2.8499999046325684
img/717.jpg,0.4000000059604645,2.674999952316284
img/718.jpg,0.4000000059604645,2.4749999046325684
img/719.jpg,0.4000000059604645,2.299999952316284
img/720.jpg,0.4000000059604645,2.125
img/721.jpg,0.4000000059604645,1.9499999284744263
img/722.jpg,0.4000000059604645,1.774999976158142
img/723.jpg,0.4000000059604645,1.625
img/724.jpg,0.4000000059604645,1.4499999284744263
img/725.jpg,0.4000000059604645,1.2999999523162842
img/726.jpg,0.4000000059604645,1.149999976158142
img/727.jpg,0.4000000059604645,1.0
img/728.jpg,0.4000000059604645,0.875
img/729.jpg,0.4000000059604645,0.749833345413208
img/730.jpg,0.4000000059604645,0.5991666913032532
img/731.jpg,0.4000000059604645,0.4480000138282776
img/732.jpg,0.4000000059604645,0.3465000092983246
img/733.jpg,0.4000000059604645,0.21958334743976593
img/734.jpg,0.4000000059604645,0.04208333417773247
img/735.jpg,0.4000000059604645,-0.16108332574367523
img/736.jpg,0.4000000059604645,-0.28966671228408813
img/737.jpg,0.4000000059604645,-0.3684999644756317
img/738.jpg,0.4000000059604645,-0.4977499842643738
img/739.jpg,0.4000000059604645,-0.6023333072662354
img/740.jpg,0.4000000059604645,-0.6821666955947876
img/741.jpg,0.4000000059604645,-0.7622499465942383
img/742.jpg,0.4000000059604645,-0.8425833582878113
img/743.jpg,0.4000000059604645,-0.8980833292007446
img/744.jpg,0.4000000059604645,-0.9286665916442871
img/745.jpg,0.4000000059604645,-0.9593333601951599
img/746.jpg,0.4000000059604645,-1.0151666402816772
img/747.jpg,0.4000000059604645,-1.0210000276565552
img/748.jpg,0.4000000059604645,-1.0268332958221436
img/749.jpg,0.4000000059604645,-1.0075833797454834
img/750.jpg,0.4000000059604645,-0.9882500767707825
img/751.jpg,0.4000000059604645,-0.918666660785675
img/752.jpg,0.4000000059604645,-0.8488332629203796
img/753.jpg,0.4000000059604645,-0.502833366394043
img/754.jpg,0.4000000059604645,-0.43158334493637085
img/755.jpg,0.4000000059604645,-0.3851667046546936
img/756.jpg,0.4000000059604645,-0.31349998712539673
img/757.jpg,0.4000000059604645,-0.1914166659116745
img/758.jpg,0.4000000059604645,0.006333322264254093
img/759.jpg,0.4000000059604645,0.22983334958553314
img/760.jpg,0.4000000059604645,0.4791666567325592
img/761.jpg,0.4000000059604645,0.7293333411216736
img/762.jpg,0.4000000059604645,1.030500054359436
img/763.jpg,0.4000000059604645,1.3577500581741333
img/764.jpg,0.4000000059604645,1.7613333463668823
img/765.jpg,0.4000000059604645,2.216416597366333
img/766.jpg,0.4000000059604645,2.572666645050049
img/767.jpg,0.4000000059604645,2.9049999713897705
img/768.jpg,0.4000000059604645,3.2384166717529297
img/769.jpg,0.4000000059604645,3.522749900817871
img/770.jpg,0.4000000059604645,3.757833480834961
img/771.jpg,0.4000000059604645,3.94350004196167
img/772.jpg,0.4000000059604645,4.230083465576172
img/773.jpg,0.4000000059604645,4.3420000076293945
img/774.jpg,0.4000000059604645,4.404083251953125
img/775.jpg,0.4000000059604645,4.516499996185303
img/776.jpg,0.4000000059604645,4.575000286102295
img/777.jpg,0.4000000059604645,4.625
img/778.jpg,0.4000000059604645,4.599999904632568
img/779.jpg,0.4000000059604645,4.550000190734863
img/780.jpg,0.4000000059604645,4.525000095367432
img/781.jpg,0.4000000059604645,4.5
img/782.jpg,0.4000000059604645,4.400000095367432
img/783.jpg,0.4000000059604645,4.275000095367432
img/784.jpg,0.4000000059604645,4.175000190734863
img/785.jpg,0.4000000059604645,4.025000095367432
img/786.jpg,0.4000000059604645,3.924999952316284
img/787.jpg,0.4000000059604645,3.75
img/788.jpg,0.4000000059604645,3.5999999046325684
img/789.jpg,0.4000000059604645,3.3999998569488525
img/790.jpg,0.4000000059604645,3.2749998569488525
img/791.jpg,0.4000000059604645,3.1499998569488525
img/792.jpg,0.4000000059604645,3.0249998569488525
img/793.jpg,0.4000000059604645,2.875
img/794.jpg,0.4000000059604645,2.799999952316284
img/795.jpg,0.4000000059604645,2.674999952316284
img/796.jpg,0.4000000059604645,2.575000047683716
img/797.jpg,0.4000000059604645,2.4749999046325684
img/798.jpg,0.4000000059604645,2.5250000953674316
img/799.jpg,0.4000000059604645,2.575000047683716
img/800.jpg,0.4000000059604645,2.700000047683716
img/801.jpg,0.4000000059604645,2.825000047683716
img/802.jpg,0.4000000059604645,2.924999952316284
img/803.jpg,0.4000000059604645,2.924999952316284
img/804.jpg,0.4000000059604645,2.950000047683716
img/805.jpg,0.4000000059604645,3.0
img/806.jpg,0.4000000059604645,3.0249998569488525
img/807.jpg,0.4000000059604645,3.0249998569488525
img/808.jpg,0.4000000059604645,3.0
img/809.jpg,0.4000000059604645,3.0
img/810.jpg,0.4000000059604645,2.9749999046325684
img/811.jpg,0.4000000059604645,2.924999952316284
img/812.jpg,0.4000000059604645,2.924999952316284
img/813.jpg,0.4000000059604645,2.875
img/814.jpg,0.4000000059604645,2.8499999046325684
img/815.jpg,0.4000000059604645,2.7750000953674316
img/816.jpg,0.4000000059604645,2.7249999046325684
img/817.jpg,0.4000000059604645,2.674999952316284
img/818.jpg,0.4000000059604645,2.575000047683716
img/819.jpg,0.4000000059604645,2.5
img/820.jpg,0.4000000059604645,2.375
img/821.jpg,0.4000000059604645,2.299999952316284
img/822.jpg,0.4000000059604645,2.174999952316284
img/823.jpg,0.4000000059604645,2.075000047683716
img/824.jpg,0.4000000059604645,1.9499999284744263
img/825.jpg,0.4000000059604645,1.8499999046325684
img/826.jpg,0.4000000059604645,1.75
img/827.jpg,0.4000000059604645,1.649999976158142
img/828.jpg,0.4000000059604645,1.5499999523162842
img/829.jpg,0.4000000059604645,1.4249999523162842
img/830.jpg,0.4000000059604645,1.350000023841858
img/831.jpg,0.4000000059604645,1.25
img/832.jpg,0.4000000059604645,1.149999976158142
img/833.jpg,0.4000000059604645,1.0499999523162842
img/834.jpg,0.4000000059604645,1.0
img/835.jpg,0.4000000059604645,0.8999999761581421
img/836.jpg,0.4000000059604645,0.800000011920929
img/837.jpg,0.4000000059604645,0.6996666789054871
img/838.jpg,0.4000000059604645,0.6240833401679993
img/839.jpg,0.4000000059604645,0.5482500195503235
img/840.jpg,0.4000000059604645,0.4972499907016754
img/841.jpg,0.4000000059604645,0.44608333706855774
img/842.jpg,0.4000000059604645,0.3696666657924652
img/843.jpg,0.4000000059604645,0.31808334589004517
img/844.jpg,0.4000000059604645,0.26633337140083313
img/845.jpg,0.4000000059604645,0.21441668272018433
img/846.jpg,0.4000000059604645,0.18741664290428162
img/847.jpg,0.4000000059604645,0.1352500170469284
img/848.jpg,0.4000000059604645,0.08291667699813843
img/849.jpg,0.4000000059604645,0.05549997463822365
img/850.jpg,0.4000000059604645,0.02800000086426735
img/851.jpg,0.4000000059604645,0.025499999523162842
img/852.jpg,0.4000000059604645,-0.00208330899477005
img/853.jpg,0.4000000059604645,-0.004666642285883427
img/854.jpg,0.4000000059604645,-0.007249975576996803
img/855.jpg,0.4000000059604645,-0.00983330886811018
img/856.jpg,0.4000000059604645,0.012666667811572552
img/857.jpg,0.4000000059604645,0.08541665226221085
img/858.jpg,0.4000000059604645,0.1835000067949295
img/859.jpg,0.4000000059604645,0.38225001096725464
img/860.jpg,0.4000000059604645,0.5816666483879089
img/861.jpg,0.4000000059604645,0.8820833563804626
img/862.jpg,0.4000000059604645,1.183500051498413
img/863.jpg,0.4000000059604645,1.4859167337417603
img/864.jpg,0.4000000059604645,1.7642500400543213
img/865.jpg,0.4000000059604645,2.0434999465942383
img/866.jpg,0.4000000059604645,2.2734999656677246
img/867.jpg,0.4000000059604645,2.5042500495910645
img/868.jpg,0.4000000059604645,2.7106666564941406
img/869.jpg,0.4000000059604645,2.9177498817443848
img/870.jpg,0.4000000059604645,3.0999999046325684
img/871.jpg,0.4000000059604645,3.2749998569488525
img/872.jpg,0.4000000059604645,3.424999952316284
img/873.jpg,0.4000000059604645,3.5249998569488525
img/874.jpg,0.4000000059604645,3.674999952316284
img/875.jpg,0.4000000059604645,3.799999952316284
img/876.jpg,0.4000000059604645,3.8999998569488525
img/877.jpg,0.4000000059604645,3.9749999046325684
img/878.jpg,0.4000000059604645,4.0
img/879.jpg,0.4000000059604645,4.025000095367432
img/0880.jpg,0.4000000059604645,-3.2249999046325684
img/0881.jpg,0.4000000059604645,-3.125
img/0882.jpg,0.4000000059604645,-3.0
img/0883.jpg,0.4000000059604645,-2.875
img/0884.jpg,0.4000000059604645,-2.799999952316284
img/0885.jpg,0.4000000059604645,-2.7249999046325684
img/0886.jpg,0.4000000059604645,-2.6500000953674316
img/0887.jpg,0.4000000059604645,-2.549999952316284
img/0888.jpg,0.4000000059604645,-2.4749999046325684
img/0889.jpg,0.4000000059604645,-2.4000000953674316
img/0890.jpg,0.4000000059604645,-2.325000047683716
img/0891.jpg,0.4000000059604645,-2.25
img/0892.jpg,0.4000000059604645,-2.125
img/0893.jpg,0.4000000059604645,-2.0
img/0894.jpg,0.4000000059604645,-1.875
img/0895.jpg,0.4000000059604645,-1.774999976158142
img/0896.jpg,0.4000000059604645,-1.649999976158142
img/0897.jpg,0.4000000059604645,-1.524999976158142
img/0898.jpg,0.4000000059604645,-1.399999976158142
img/0899.jpg,0.4000000059604645,-1.2999999523162842
img/0900.jpg,0.4000000059604645,-1.149999976158142
img/0901.jpg,0.4000000059604645,-1.024999976158142
img/0902.jpg,0.4000000059604645,-0.8999999761581421
img/0903.jpg,0.4000000059604645,-0.800000011920929
img/0904.jpg,0.4000000059604645,-0.6996666789054871
img/0905.jpg,0.4000000059604645,-0.5989999771118164
img/0906.jpg,0.4000000059604645,-0.47291669249534607
img/0907.jpg,0.4000000059604645,-0.3714999854564667
img/0908.jpg,0.4000000059604645,-0.29483333230018616
img/0909.jpg,0.4000000059604645,-0.1928333044052124
img/0910.jpg,0.4000000059604645,-0.09050001204013824
img/0911.jpg,0.4000000059604645,-0.012916690669953823
img/0912.jpg,0.4000000059604645,0.039833322167396545
img/0913.jpg,0.4000000059604645,0.11783330887556076
img/0914.jpg,0.4000000059604645,0.19608335196971893
img/0915.jpg,0.4000000059604645,0.24949997663497925
img/0916.jpg,0.4000000059604645,0.3030833899974823
img/0917.jpg,0.4000000059604645,0.3568333387374878
img/0918.jpg,0.4000000059604645,0.4609166979789734
img/0919.jpg,0.4000000059604645,0.5151666402816772
img/0920.jpg,0.4000000059604645,0.544499933719635
img/0921.jpg,0.4000000059604645,0.6240833401679993
img/0922.jpg,0.4000000059604645,0.7039167284965515
img/0923.jpg,0.4000000059604645,0.7589166760444641
img/0924.jpg,0.4000000059604645,0.8140832781791687
img/0925.jpg,0.4000000059604645,0.8192499279975891
img/0926.jpg,0.4000000059604645,0.7491666674613953
img/0927.jpg,0.4000000059604645,0.6035833954811096
img/0928.jpg,0.4000000059604645,0.4324166476726532
img/0929.jpg,0.4000000059604645,0.18541663885116577
img/0930.jpg,0.4000000059604645,-0.062416691333055496
img/0931.jpg,0.4000000059604645,-0.3361666798591614
img/0932.jpg,0.4000000059604645,-0.6108333468437195
img/0933.jpg,0.4000000059604645,-0.9114999771118164
img/0934.jpg,0.4000000059604645,-1.1629999876022339
img/0935.jpg,0.4000000059604645,-1.3902499675750732
img/0936.jpg,0.4000000059604645,-1.6433333158493042
img/0937.jpg,0.4000000059604645,-1.847083330154419
img/0938.jpg,0.4000000059604645,-2.026416540145874
img/0939.jpg,0.4000000059604645,-2.2063333988189697
img/0940.jpg,0.4000000059604645,-2.3366665840148926
img/0941.jpg,0.4000000059604645,-2.492500066757202
img/0942.jpg,0.4000000059604645,-2.6237499713897705
img/0943.jpg,0.4000000059604645,-2.7303333282470703
img/0944.jpg,0.4000000059604645,-2.812166690826416
img/0945.jpg,0.4000000059604645,-2.89424991607666
img/0946.jpg,0.4000000059604645,-2.9264168739318848
img/0947.jpg,0.4000000059604645,-2.9586665630340576
img/0948.jpg,0.4000000059604645,-2.990999937057495
img/0949.jpg,0.4000000059604645,-2.99833345413208
img/0950.jpg,0.4000000059604645,-3.0249998569488525
img/0951.jpg,0.4000000059604645,-3.0
img/0952.jpg,0.4000000059604645,-3.0
img/0953.jpg,0.4000000059604645,-2.950000047683716
img/0954.jpg,0.4000000059604645,-2.875
img/0955.jpg,0.4000000059604645,-2.799999952316284
img/0956.jpg,0.4000000059604645,-2.700000047683716
img/0957.jpg,0.4000000059604645,-2.5999999046325684
img/0958.jpg,0.4000000059604645,-2.575000047683716
img/0959.jpg,0.4000000059604645,-2.5250000953674316
img/0960.jpg,0.4000000059604645,-2.549999952316284
img/0961.jpg,0.4000000059604645,-2.575000047683716
img/0962.jpg,0.4000000059604645,-2.625
img/0963.jpg,0.4000000059604645,-2.6500000953674316
img/0964.jpg,0.4000000059604645,-2.700000047683716
img/0965.jpg,0.4000000059604645,-2.8499999046325684
img/0966.jpg,0.4000000059604645,-3.049999952316284
img/0967.jpg,0.4000000059604645,-3.3499999046325684
img/0968.jpg,0.4000000059604645,-3.5999999046325684
img/0969.jpg,0.4000000059604645,-3.799999952316284
img/0970.jpg,0.4000000059604645,-3.924999952316284
img/0971.jpg,0.4000000059604645,-4.099999904632568
img/0972.jpg,0.4000000059604645,-4.224999904632568
img/0973.jpg,0.4000000059604645,-4.349999904632568
img/0974.jpg,0.4000000059604645,-4.400000095367432
img/0975.jpg,0.4000000059604645,-4.400000095367432
img/0976.jpg,0.4000000059604645,-4.474999904632568
img/0977.jpg,0.4000000059604645,-4.474999904632568
img/0978.jpg,0.4000000059604645,-4.450000286102295
img/0979.jpg,0.4000000059604645,-4.474999904632568
img/0980.jpg,0.4000000059604645,-4.425000190734863
img/0981.jpg,0.4000000059604645,-4.300000190734863
img/0982.jpg,0.4000000059604645,-4.200000286102295
img/0983.jpg,0.4000000059604645,-4.150000095367432
img/0984.jpg,0.4000000059604645,-4.050000190734863
img/0985.jpg,0.4000000059604645,-3.924999952316284
img/0986.jpg,0.4000000059604645,-3.799999952316284
img/0987.jpg,0.4000000059604645,-3.700000047683716
img/0988.jpg,0.4000000059604645,-3.549999952316284
img/0989.jpg,0.4000000059604645,-3.3999998569488525
img/0990.jpg,0.4000000059604645,-3.2249999046325684
img/0991.jpg,0.4000000059604645,-3.049999952316284
img/0992.jpg,0.4000000059604645,-2.875
img/0993.jpg,0.4000000059604645,-2.700000047683716
img/0994.jpg,0.4000000059604645,-2.4749999046325684
img/0995.jpg,0.4000000059604645,-2.2750000953674316
img/0996.jpg,0.4000000059604645,-2.0999999046325684
img/0997.jpg,0.4000000059604645,-1.9499999284744263
img/0998.jpg,0.4000000059604645,-1.774999976158142
img/0999.jpg,0.4000000059604645,-1.649999976158142
img/1000.jpg,0.4000000059604645,-1.524999976158142
img/1001.jpg,0.4000000059604645,-1.399999976158142
img/1002.jpg,0.4000000059604645,-1.274999976158142
img/1003.jpg,0.4000000059604645,-1.149999976158142
img/1004.jpg,0.4000000059604645,-1.0499999523162842
img/1005.jpg,0.4000000059604645,-0.949999988079071
img/1006.jpg,0.4000000059604645,-0.824999988079071
img/1007.jpg,0.4000000059604645,-0.749833345413208
img/1008.jpg,0.4000000059604645,-0.6242499947547913
img/1009.jpg,0.4000000059604645,-0.47316667437553406
img/1010.jpg,0.4000000059604645,-0.37174999713897705
img/1011.jpg,0.4000000059604645,-0.2449166476726532
img/1012.jpg,0.4000000059604645,-0.09258334338665009
img/1013.jpg,0.4000000059604645,0.06025002524256706
img/1014.jpg,0.4000000059604645,0.18850001692771912
img/1015.jpg,0.4000000059604645,0.29208338260650635
img/1016.jpg,0.4000000059604645,0.395999938249588
img/1017.jpg,0.4000000059604645,0.4751666784286499
img/1018.jpg,0.4000000059604645,0.5545833706855774
img/1019.jpg,0.4000000059604645,0.60916668176651
img/1020.jpg,0.4000000059604645,0.6639166474342346
img/1021.jpg,0.4000000059604645,0.718833327293396
img/1022.jpg,0.4000000059604645,0.7488333582878113
img/1023.jpg,0.4000000059604645,0.8290833830833435
img/1024.jpg,0.4000000059604645,0.859416663646698
img/1025.jpg,0.4000000059604645,0.8647500276565552
img/1026.jpg,0.4000000059604645,0.8450000286102295
img/1027.jpg,0.4000000059604645,0.8502500653266907
img/1028.jpg,0.4000000059604645,0.8805833458900452
img/1029.jpg,0.4000000059604645,0.8608334064483643
img/1030.jpg,0.4000000059604645,0.8660833835601807
img/1031.jpg,0.4000000059604645,0.8964166641235352
img/1032.jpg,0.4000000059604645,0.9017500281333923
img/1033.jpg,0.4000000059604645,0.9070833325386047
img/1034.jpg,0.4000000059604645,0.9375
img/1035.jpg,0.4000000059604645,0.9429166913032532
img/1036.jpg,0.4000000059604645,0.9232500195503235
img/1037.jpg,0.4000000059604645,0.8031666874885559
img/1038.jpg,0.4000000059604645,0.6324999332427979
img/1039.jpg,0.4000000059604645,0.4110833704471588
img/1040.jpg,0.4000000059604645,0.11366664618253708
img/1041.jpg,0.4000000059604645,-0.20983333885669708
img/1042.jpg,0.4000000059604645,-0.559499979019165
img/1043.jpg,0.4000000059604645,-0.9103333353996277
img/1044.jpg,0.4000000059604645,-1.2372499704360962
img/1045.jpg,0.4000000059604645,-1.6154166460037231
img/1046.jpg,0.4000000059604645,-1.9446666240692139
img/1047.jpg,0.4000000059604645,-2.2499167919158936
img/1048.jpg,0.4000000059604645,-2.50600004196167
img/1049.jpg,0.4000000059604645,-2.7879998683929443
img/1050.jpg,0.4000000059604645,-3.0458333492279053
img/1051.jpg,0.4000000059604645,-3.279416799545288
img/1052.jpg,0.4000000059604645,-3.4886667728424072
img/1053.jpg,0.4000000059604645,-3.648416519165039
img/1054.jpg,0.4000000059604645,-3.833750009536743
img/1055.jpg,0.4000000059604645,-3.9694998264312744
img/1056.jpg,0.4000000059604645,-4.030416965484619
img/1057.jpg,0.4000000059604645,-4.091500282287598
img/1058.jpg,0.4000000059604645,-4.127666473388672
img/1059.jpg,0.4000000059604645,-4.0886664390563965
img/1060.jpg,0.4000000059604645,-4.074583530426025
img/1061.jpg,0.4000000059604645,-4.050000190734863
img/1062.jpg,0.4000000059604645,-3.0249998569488525
img/1063.jpg,0.4000000059604645,-1.9749999046325684
img/1064.jpg,0.4000000059604645,-1.225000023841858
img/1065.jpg,0.4000000059604645,-0.5993333458900452
img/1066.jpg,0.4000000059604645,-0.6237500309944153
img/1067.jpg,0.4000000059604645,-1.225000023841858
img/1068.jpg,0.4000000059604645,-2.0999999046325684
img/1069.jpg,0.4000000059604645,-2.875
img/1070.jpg,0.4000000059604645,-2.75
img/1071.jpg,0.4000000059604645,-2.549999952316284
img/1072.jpg,0.4000000059604645,-2.325000047683716
img/1073.jpg,0.4000000059604645,-2.125
img/1074.jpg,0.4000000059604645,-1.9749999046325684
img/1075.jpg,0.4000000059604645,-1.8499999046325684
img/1076.jpg,0.4000000059604645,-1.7999999523162842
img/1077.jpg,0.4000000059604645,-1.875
img/1078.jpg,0.4000000059604645,-1.8499999046325684
img/1079.jpg,0.4000000059604645,-1.9249999523162842
img/1080.jpg,0.4000000059604645,-2.049999952316284
img/1081.jpg,0.4000000059604645,-2.25
img/1082.jpg,0.4000000059604645,-2.5
img/1083.jpg,0.4000000059604645,-2.7750000953674316
img/1084.jpg,0.4000000059604645,-2.924999952316284
img/1085.jpg,0.4000000059604645,-3.0999999046325684
img/1086.jpg,0.4000000059604645,-3.25
img/1087.jpg,0.4000000059604645,-3.3999998569488525
img/1088.jpg,0.4000000059604645,-3.700000047683716
img/1089.jpg,0.4000000059604645,-3.825000047683716
img/1090.jpg,0.4000000059604645,-3.875
img/1091.jpg,0.4000000059604645,-3.8499999046325684
img/1092.jpg,0.4000000059604645,-3.875
img/1093.jpg,0.4000000059604645,-3.825000047683716
img/1094.jpg,0.4000000059604645,-3.799999952316284
img/1095.jpg,0.4000000059604645,-3.7249999046325684
img/1096.jpg,0.4000000059604645,-3.625
img/1097.jpg,0.4000000059604645,-3.5
img/1098.jpg,0.4000000059604645,-3.3499999046325684
img/1099.jpg,0.4000000059604645,-3.2249999046325684
img/1100.jpg,0.4000000059604645,-3.075000047683716
img/1101.jpg,0.4000000059604645,-2.924999952316284
img/1102.jpg,0.4000000059604645,-2.700000047683716
img/1103.jpg,0.4000000059604645,-2.5
img/1104.jpg,0.4000000059604645,-2.2750000953674316
img/1105.jpg,0.4000000059604645,-2.0999999046325684
img/1106.jpg,0.4000000059604645,-1.899999976158142
img/1107.jpg,0.4000000059604645,-1.75
img/1108.jpg,0.4000000059604645,-1.600000023841858
img/1109.jpg,0.4000000059604645,-1.4499999284744263
img/1110.jpg,0.4000000059604645,-1.2999999523162842
img/1111.jpg,0.4000000059604645,-1.125
img/1112.jpg,0.4000000059604645,-0.949999988079071
img/1113.jpg,0.4000000059604645,-0.824999988079071
img/1114.jpg,0.4000000059604645,-0.6996666789054871
img/1115.jpg,0.4000000059604645,-0.5739166736602783
img/1116.jpg,0.4000000059604645,-0.4477500021457672
img/1117.jpg,0.4000000059604645,-0.3462499976158142
img/1118.jpg,0.4000000059604645,-0.24441665410995483
img/1119.jpg,0.4000000059604645,-0.14225003123283386
img/1120.jpg,0.4000000059604645,-0.03974999859929085
img/1121.jpg,0.4000000059604645,0.08816666901111603
img/1122.jpg,0.4000000059604645,0.1914166957139969
img/1123.jpg,0.4000000059604645,0.2699166238307953
img/1124.jpg,0.4000000059604645,0.3737499713897705
img/1125.jpg,0.4000000059604645,0.452833354473114
img/1126.jpg,0.4000000059604645,0.5070832967758179
img/1127.jpg,0.4000000059604645,0.561500072479248
img/1128.jpg,0.4000000059604645,0.641166627407074
img/1129.jpg,0.4000000059604645,0.6709166169166565
img/1130.jpg,0.4000000059604645,0.6756666302680969
img/1131.jpg,0.4000000059604645,0.7305833697319031
img/1132.jpg,0.4000000059604645,0.7856666445732117
img/1133.jpg,0.4000000059604645,0.765666663646698
img/1134.jpg,0.4000000059604645,0.7455833554267883
img/1135.jpg,0.4000000059604645,0.7505000233650208
img/1136.jpg,0.4000000059604645,0.7052499651908875
img/1137.jpg,0.4000000059604645,0.7099999785423279
img/1138.jpg,0.4000000059604645,0.6645833253860474
img/1139.jpg,0.4000000059604645,0.6190000176429749
img/1140.jpg,0.4000000059604645,0.6234167218208313
img/1141.jpg,0.4000000059604645,0.5776666402816772
img/1142.jpg,0.4000000059604645,0.48158329725265503
img/1143.jpg,0.4000000059604645,0.3099166750907898
img/1144.jpg,0.4000000059604645,0.11258334666490555
img/1145.jpg,0.4000000059604645,-0.1355833262205124
img/1146.jpg,0.4000000059604645,-0.3595000207424164
img/1147.jpg,0.4000000059604645,-0.609250009059906
img/1148.jpg,0.4000000059604645,-0.9350833296775818
img/1149.jpg,0.4000000059604645,-1.2619999647140503
img/1150.jpg,0.4000000059604645,-1.690333366394043
img/1151.jpg,0.4000000059604645,-2.1702499389648438
img/1152.jpg,0.4000000059604645,-2.5514166355133057
img/1153.jpg,0.4000000059604645,-2.933833122253418
img/1154.jpg,0.4000000059604645,-3.6686666011810303
img/1155.jpg,0.4000000059604645,-4.029666423797607
img/1156.jpg,0.4000000059604645,-4.291500091552734
img/1157.jpg,0.4000000059604645,-4.478916645050049
img/1158.jpg,0.4000000059604645,-4.742166519165039
img/1159.jpg,0.4000000059604645,-4.830667018890381
img/1160.jpg,0.4000000059604645,-5.019750118255615
img/1161.jpg,0.4000000059604645,-5.150000095367432
img/1162.jpg,0.4000000059604645,-5.275000095367432
img/1163.jpg,0.4000000059604645,-5.325000286102295
img/1164.jpg,0.4000000059604645,-5.325000286102295
img/1165.jpg,0.4000000059604645,-5.300000190734863
img/1166.jpg,0.4000000059604645,-5.25
img/1167.jpg,0.4000000059604645,-5.375
img/1168.jpg,0.4000000059604645,-5.300000190734863
img/1169.jpg,0.4000000059604645,-5.200000286102295
img/1170.jpg,0.4000000059604645,-5.075000286102295
img/1171.jpg,0.4000000059604645,-4.925000190734863
img/1172.jpg,0.4000000059604645,-4.925000190734863
img/1173.jpg,0.4000000059604645,-4.775000095367432
img/1174.jpg,0.4000000059604645,-4.675000190734863
img/1175.jpg,0.4000000059604645,-4.650000095367432
img/1176.jpg,0.4000000059604645,-4.575000286102295
img/1177.jpg,0.4000000059604645,-4.525000095367432
img/1178.jpg,0.4000000059604645,-4.525000095367432
img/1179.jpg,0.4000000059604645,-4.75
img/1180.jpg,0.4000000059604645,-4.950000286102295
img/1181.jpg,0.4000000059604645,-4.950000286102295
img/1182.jpg,0.4000000059604645,-4.900000095367432
img/1183.jpg,0.4000000059604645,-4.825000286102295
img/1184.jpg,0.4000000059604645,-4.850000381469727
img/1185.jpg,0.4000000059604645,-4.825000286102295
img/1186.jpg,0.4000000059604645,-4.724999904632568
img/1187.jpg,0.4000000059604645,-4.700000286102295
img/1188.jpg,0.4000000059604645,-4.550000190734863
img/1189.jpg,0.4000000059604645,-4.425000190734863
img/1190.jpg,0.4000000059604645,-4.224999904632568
img/1191.jpg,0.4000000059604645,-4.075000286102295
img/1192.jpg,0.4000000059604645,-3.875
img/1193.jpg,0.4000000059604645,-3.700000047683716
img/1194.jpg,0.4000000059604645,-3.5
img/1195.jpg,0.4000000059604645,-3.325000047683716
img/1196.jpg,0.4000000059604645,-3.0999999046325684
img/1197.jpg,0.4000000059604645,-2.875
img/1198.jpg,0.4000000059604645,-2.625
img/1199.jpg,0.4000000059604645,-2.424999952316284
img/1200.jpg,0.4000000059604645,-2.1500000953674316
img/1201.jpg,0.4000000059604645,-1.9249999523162842
img/1202.jpg,0.4000000059604645,-1.6999999284744263
img/1203.jpg,0.4000000059604645,-1.5
img/1204.jpg,0.4000000059604645,-1.274999976158142
img/1205.jpg,0.4000000059604645,-1.0499999523162842
img/1206.jpg,0.4000000059604645,-0.824999988079071
img/1207.jpg,0.4000000059604645,-0.6495000123977661
img/1208.jpg,0.4000000059604645,-0.44833335280418396
img/1209.jpg,0.4000000059604645,-0.27158334851264954
img/1210.jpg,0.4000000059604645,-0.0691666454076767
img/1211.jpg,0.4000000059604645,0.10883331298828125
img/1212.jpg,0.4000000059604645,0.2874167263507843
img/1213.jpg,0.4000000059604645,0.49166664481163025
img/1214.jpg,0.4000000059604645,0.6965833306312561
img/1215.jpg,0.4000000059604645,0.9021666049957275
img/1216.jpg,0.4000000059604645,1.058250069618225
img/1217.jpg,0.4000000059604645,1.214833378791809
img/1218.jpg,0.4000000059604645,1.3217500448226929
img/1219.jpg,0.4000000059604645,1.378833293914795
img/1220.jpg,0.4000000059604645,1.41100013256073
img/1221.jpg,0.4000000059604645,1.4432499408721924
img/1222.jpg,0.4000000059604645,1.4505000114440918
img/1223.jpg,0.4000000059604645,1.4828333854675293
img/1224.jpg,0.4000000059604645,1.4650832414627075
img/1225.jpg,0.4000000059604645,1.4221667051315308
img/1226.jpg,0.4000000059604645,1.404166579246521
img/1227.jpg,0.4000000059604645,1.3609999418258667
img/1228.jpg,0.4000000059604645,1.3176666498184204
img/1229.jpg,0.4000000059604645,1.2490832805633545
img/1230.jpg,0.4000000059604645,1.2053333520889282
img/1231.jpg,0.4000000059604645,1.16141676902771
img/1232.jpg,0.4000000059604645,1.1173332929611206
img/1233.jpg,0.4000000059604645,1.0480000972747803
img/1234.jpg,0.4000000059604645,0.9784166812896729
img/1235.jpg,0.4000000059604645,0.9085832834243774
img/1236.jpg,0.4000000059604645,0.8385000228881836
img/1237.jpg,0.4000000059604645,0.7430833578109741
img/1238.jpg,0.4000000059604645,0.672416627407074
img/1239.jpg,0.4000000059604645,0.6265833377838135
img/1240.jpg,0.4000000059604645,0.5554999709129333
img/1241.jpg,0.4000000059604645,0.5092499852180481
img/1242.jpg,0.4000000059604645,0.4126666486263275
img/1243.jpg,0.4000000059604645,0.3659166991710663
img/1244.jpg,0.4000000059604645,0.29391664266586304
img/1245.jpg,0.4000000059604645,0.22166664898395538
img/1246.jpg,0.4000000059604645,0.12408335506916046
img/1247.jpg,0.4000000059604645,0.10141665488481522
img/1248.jpg,0.4000000059604645,0.053583305329084396
img/1249.jpg,0.4000000059604645,0.005583354737609625
img/1250.jpg,0.4000000059604645,-0.04258332401514053
img/1251.jpg,0.4000000059604645,-0.06583335995674133
img/1252.jpg,0.4000000059604645,-0.08916667103767395
img/1253.jpg,0.4000000059604645,-0.11258333921432495
img/1254.jpg,0.4000000059604645,-0.13608334958553314
img/1255.jpg,0.4000000059604645,-0.18474999070167542
img/1256.jpg,0.4000000059604645,-0.2837499976158142
img/1257.jpg,0.4000000059604645,-0.4332500100135803
img/1258.jpg,0.4000000059604645,-0.6334166526794434
img/1259.jpg,0.4000000059604645,-0.784083366394043
img/1260.jpg,0.4000000059604645,-0.9603333473205566
img/1261.jpg,0.4000000059604645,-1.1371667385101318
img/1262.jpg,0.4000000059604645,-1.440000057220459
img/1263.jpg,0.4000000059604645,-1.7689166069030762
img/1264.jpg,0.4000000059604645,-2.1992499828338623
img/1265.jpg,0.4000000059604645,-2.7313332557678223
img/1266.jpg,0.4000000059604645,-3.089583158493042
img/1267.jpg,0.4000000059604645,-3.3988335132598877
img/1268.jpg,0.4000000059604645,-3.7341666221618652
img/1269.jpg,0.4000000059604645,-4.0455002784729
img/1270.jpg,0.4000000059604645,-4.307666778564453
img/1271.jpg,0.4000000059604645,-4.570666790008545
img/1272.jpg,0.4000000059604645,-4.809416770935059
img/1273.jpg,0.4000000059604645,-5.048916339874268
img/1274.jpg,0.4000000059604645,-5.289166450500488
img/1275.jpg,0.4000000059604645,-5.480000019073486
img/1276.jpg,0.4000000059604645,-5.621250152587891
img/1277.jpg,0.4000000059604645,-5.71274995803833
img/1278.jpg,0.4000000059604645,-5.754333019256592
img/1279.jpg,0.4000000059604645,-5.745832920074463
img/1280.jpg,0.4000000059604645,-5.675000190734863
img/1281.jpg,0.4000000059604645,-5.550000190734863
img/1282.jpg,0.4000000059604645,-5.450000286102295
img/1283.jpg,0.4000000059604645,-5.325000286102295
img/1284.jpg,0.4000000059604645,-5.175000190734863
img/1285.jpg,0.4000000059604645,-5.025000095367432
img/1286.jpg,0.4000000059604645,-4.900000095367432
img/1287.jpg,0.4000000059604645,-4.775000095367432
img/1288.jpg,0.4000000059604645,-4.599999904632568
img/1289.jpg,0.4000000059604645,-4.400000095367432
img/1290.jpg,0.4000000059604645,-4.25
img/1291.jpg,0.4000000059604645,-4.175000190734863
img/1292.jpg,0.4000000059604645,-4.075000286102295
img/1293.jpg,0.4000000059604645,-4.099999904632568
img/1294.jpg,0.4000000059604645,-4.099999904632568
img/1295.jpg,0.4000000059604645,-4.150000095367432
img/1296.jpg,0.4000000059604645,-4.150000095367432
img/1297.jpg,0.4000000059604645,-4.099999904632568
img/1298.jpg,0.4000000059604645,-4.075000286102295
img/1299.jpg,0.4000000059604645,-4.050000190734863
img/1300.jpg,0.4000000059604645,-4.025000095367432
img/1301.jpg,0.4000000059604645,-3.9749999046325684
img/1302.jpg,0.4000000059604645,-3.8999998569488525
img/1303.jpg,0.4000000059604645,-3.799999952316284
img/1304.jpg,0.4000000059604645,-3.6499998569488525
img/1305.jpg,0.4000000059604645,-3.5249998569488525
img/1306.jpg,0.4000000059604645,-3.3999998569488525
img/1307.jpg,0.4000000059604645,-3.2749998569488525
img/1308.jpg,0.4000000059604645,-3.1499998569488525
img/1309.jpg,0.4000000059604645,-2.9749999046325684
img/1310.jpg,0.4000000059604645,-2.799999952316284
img/1311.jpg,0.4000000059604645,-2.6500000953674316
img/1312.jpg,0.4000000059604645,-2.5
img/1313.jpg,0.4000000059604645,-2.325000047683716
img/1314.jpg,0.4000000059604645,-2.200000047683716
img/1315.jpg,0.4000000059604645,-2.0999999046325684
img/1316.jpg,0.4000000059604645,-1.9499999284744263
img/1317.jpg,0.4000000059604645,-1.8249999284744263
img/1318.jpg,0.4000000059604645,-1.725000023841858
img/1319.jpg,0.4000000059604645,-1.625
img/1320.jpg,0.4000000059604645,-1.475000023841858
img/1321.jpg,0.4000000059604645,-1.350000023841858
img/1322.jpg,0.4000000059604645,-1.225000023841858
img/1323.jpg,0.4000000059604645,-1.100000023841858
img/1324.jpg,0.4000000059604645,-1.0
img/1325.jpg,0.4000000059604645,-0.8500000238418579
img/1326.jpg,0.4000000059604645,-0.7247499823570251
img/1327.jpg,0.4000000059604645,-0.6492499709129333
img/1328.jpg,0.4000000059604645,-0.5484166741371155
img/1329.jpg,0.4000000059604645,-0.4221666753292084
img/1330.jpg,0.4000000059604645,-0.2704166769981384
img/1331.jpg,0.4000000059604645,-0.19341664016246796
img/1332.jpg,0.4000000059604645,-0.0910833477973938
img/1333.jpg,0.4000000059604645,0.03666665405035019
img/1334.jpg,0.4000000059604645,0.16483332216739655
img/1335.jpg,0.4000000059604645,0.2683332860469818
img/1336.jpg,0.4000000059604645,0.37216663360595703
img/1337.jpg,0.4000000059604645,0.4763333201408386
img/1338.jpg,0.4000000059604645,0.5557500720024109
img/1339.jpg,0.4000000059604645,0.6103333234786987
img/1340.jpg,0.4000000059604645,0.6399999856948853
img/1341.jpg,0.4000000059604645,0.6697499752044678
img/1342.jpg,0.4000000059604645,0.7246667146682739
img/1343.jpg,0.4000000059604645,0.7045000195503235
img/1344.jpg,0.4000000059604645,0.7093333601951599
img/1345.jpg,0.4000000059604645,0.7141667008399963
img/1346.jpg,0.4000000059604645,0.7440833449363708
img/1347.jpg,0.4000000059604645,0.6988332867622375
img/1348.jpg,0.4000000059604645,0.703583300113678
img/1349.jpg,0.4000000059604645,0.7083333134651184
img/1350.jpg,0.4000000059604645,0.6629166603088379
img/1351.jpg,0.4000000059604645,0.6925833225250244
img/1352.jpg,0.4000000059604645,0.6972499489784241
img/1353.jpg,0.4000000059604645,0.5764999985694885
img/1354.jpg,0.4000000059604645,0.43024998903274536
img/1355.jpg,0.4000000059604645,0.25841665267944336
img/1356.jpg,0.4000000059604645,0.03583335503935814
img/1357.jpg,0.4000000059604645,-0.23766668140888214
img/1358.jpg,0.4000000059604645,-0.4869999885559082
img/1359.jpg,0.4000000059604645,-0.7622500061988831
img/1360.jpg,0.4000000059604645,-1.1136666536331177
img/1361.jpg,0.4000000059604645,-1.4160833358764648
img/1362.jpg,0.4000000059604645,-1.6944166421890259
img/1363.jpg,0.4000000059604645,-1.9485833644866943
img/1364.jpg,0.4000000059604645,-2.2537498474121094
img/1365.jpg,0.4000000059604645,-2.5850000381469727
img/1366.jpg,0.4000000059604645,-2.867166757583618
img/1367.jpg,0.4000000059604645,-3.100083351135254
img/1368.jpg,0.4000000059604645,-3.308666706085205
img/1369.jpg,0.4000000059604645,-3.517916679382324
img/1370.jpg,0.4000000059604645,-3.7027499675750732
img/1371.jpg,0.4000000059604645,-3.8129165172576904
img/1372.jpg,0.4000000059604645,-3.8732500076293945
img/1373.jpg,0.4000000059604645,-3.9086666107177734
img/1374.jpg,0.4000000059604645,-3.944166660308838
img/1375.jpg,0.4000000059604645,-3.924999952316284
img/1376.jpg,0.4000000059604645,-3.875
img/1377.jpg,0.4000000059604645,-3.799999952316284
img/1378.jpg,0.4000000059604645,-3.7749998569488525
img/1379.jpg,0.4000000059604645,-3.700000047683716
img/1380.jpg,0.4000000059604645,-3.5999999046325684
img/1381.jpg,0.4000000059604645,-3.5
img/1382.jpg,0.4000000059604645,-3.3499999046325684
img/1383.jpg,0.4000000059604645,-3.174999952316284
img/1384.jpg,0.4000000059604645,-3.049999952316284
img/1385.jpg,0.4000000059604645,-2.8999998569488525
img/1386.jpg,0.4000000059604645,-2.7750000953674316
img/1387.jpg,0.4000000059604645,-2.6500000953674316
img/1388.jpg,0.4000000059604645,-2.575000047683716
img/1389.jpg,0.4000000059604645,-2.5250000953674316
img/1390.jpg,0.4000000059604645,-2.4749999046325684
img/1391.jpg,0.4000000059604645,-2.4000000953674316
img/1392.jpg,0.4000000059604645,-2.4000000953674316
img/1393.jpg,0.4000000059604645,-2.4749999046325684
img/1394.jpg,0.4000000059604645,-2.5999999046325684
img/1395.jpg,0.4000000059604645,-2.825000047683716
img/1396.jpg,0.4000000059604645,-2.924999952316284
img/1397.jpg,0.4000000059604645,-3.075000047683716
img/1398.jpg,0.4000000059604645,-3.174999952316284
img/1399.jpg,0.4000000059604645,-3.299999952316284
img/1400.jpg,0.4000000059604645,-3.375
img/1401.jpg,0.4000000059604645,-3.450000047683716
img/1402.jpg,0.4000000059604645,-3.5249998569488525
img/1403.jpg,0.4000000059604645,-3.549999952316284
img/1404.jpg,0.4000000059604645,-3.5999999046325684
img/1405.jpg,0.4000000059604645,-3.5999999046325684
img/1406.jpg,0.4000000059604645,-3.5999999046325684
img/1407.jpg,0.4000000059604645,-3.575000047683716
img/1408.jpg,0.4000000059604645,-3.549999952316284
img/1409.jpg,0.4000000059604645,-3.4749999046325684
img/1410.jpg,0.4000000059604645,-3.424999952316284
img/1411.jpg,0.4000000059604645,-3.3499999046325684
img/1412.jpg,0.4000000059604645,-3.25
img/1413.jpg,0.4000000059604645,-3.1499998569488525
img/1414.jpg,0.4000000059604645,-3.0
img/1415.jpg,0.4000000059604645,-2.875
img/1416.jpg,0.4000000059604645,-2.75
img/1417.jpg,0.4000000059604645,-2.5999999046325684
img/1418.jpg,0.4000000059604645,-2.450000047683716
img/1419.jpg,0.4000000059604645,-2.2750000953674316
img/1420.jpg,0.4000000059604645,-2.075000047683716
img/1421.jpg,0.4000000059604645,-1.899999976158142
img/1422.jpg,0.4000000059604645,-1.725000023841858
img/1423.jpg,0.4000000059604645,-1.5499999523162842
img/1424.jpg,0.4000000059604645,-1.3249999284744263
img/1425.jpg,0.4000000059604645,-1.125
img/1426.jpg,0.4000000059604645,-0.925000011920929
img/1427.jpg,0.4000000059604645,-0.749833345413208
img/1428.jpg,0.4000000059604645,-0.5740833282470703
img/1429.jpg,0.4000000059604645,-0.39774999022483826
img/1430.jpg,0.4000000059604645,-0.24591664969921112
img/1431.jpg,0.4000000059604645,-0.11866665631532669
img/1432.jpg,0.4000000059604645,0.009000011719763279
img/1433.jpg,0.4000000059604645,0.13708335161209106
img/1434.jpg,0.4000000059604645,0.24049997329711914
img/1435.jpg,0.4000000059604645,0.3191666901111603
img/1436.jpg,0.4000000059604645,0.39808329939842224
img/1437.jpg,0.4000000059604645,0.45216667652130127
img/1438.jpg,0.4000000059604645,0.5064166188240051
img/1439.jpg,0.4000000059604645,0.5608333945274353
img/1440.jpg,0.4000000059604645,0.6154166460037231
img/1441.jpg,0.4000000059604645,0.6450833082199097
img/1442.jpg,0.4000000059604645,0.6999167203903198
img/1443.jpg,0.4000000059604645,0.7298333644866943
img/1444.jpg,0.4000000059604645,0.7598333358764648
img/1445.jpg,0.4000000059604645,0.7899166345596313
img/1446.jpg,0.4000000059604645,0.7949999570846558
img/1447.jpg,0.4000000059604645,0.8000832796096802
img/1448.jpg,0.4000000059604645,0.8051666617393494
img/1449.jpg,0.4000000059604645,0.8353332877159119
img/1450.jpg,0.4000000059604645,0.8404999375343323
img/1451.jpg,0.4000000059604645,0.8456666469573975
img/1452.jpg,0.4000000059604645,0.8257499933242798
img/1453.jpg,0.4000000059604645,0.780666708946228
img/1454.jpg,0.4000000059604645,0.7855833768844604
img/1455.jpg,0.4000000059604645,0.7403332591056824
img/1456.jpg,0.4000000059604645,0.6698333621025085
img/1457.jpg,0.4000000059604645,0.6241666078567505
img/1458.jpg,0.4000000059604645,0.57833331823349
img/1459.jpg,0.4000000059604645,0.5072499513626099
img/1460.jpg,0.4000000059604645,0.5111666321754456
img/1461.jpg,0.4000000059604645,0.4899999797344208
img/1462.jpg,0.4000000059604645,0.4436666965484619
img/1463.jpg,0.4000000059604645,0.3971666097640991
img/1464.jpg,0.4000000059604645,0.250166654586792
img/1465.jpg,0.4000000059604645,0.002333306707441807
img/1466.jpg,0.4000000059604645,-0.27141666412353516
img/1467.jpg,0.4000000059604645,-0.5711666941642761
img/1468.jpg,0.4000000059604645,-0.8970000147819519
img/1469.jpg,0.4000000059604645,-1.2740833759307861
img/1470.jpg,0.4000000059604645,-1.5771666765213013
img/1471.jpg,0.4000000059604645,-1.881250023841858
img/1472.jpg,0.4000000059604645,-2.161250114440918
img/1473.jpg,0.4000000059604645,-2.442166566848755
img/1474.jpg,0.4000000059604645,-2.648750066757202
img/1475.jpg,0.4000000059604645,-2.9061665534973145
img/1476.jpg,0.4000000059604645,-3.139333486557007
img/1477.jpg,0.4000000059604645,-3.3230834007263184
img/1478.jpg,0.4000000059604645,-3.5074167251586914
img/1479.jpg,0.4000000059604645,-3.692333221435547
img/1480.jpg,0.4000000059604645,-3.852750062942505
img/1481.jpg,0.4000000059604645,-3.9635000228881836
img/1482.jpg,0.4000000059604645,-4.049499988555908
img/1483.jpg,0.4000000059604645,-4.185916423797607
img/1484.jpg,0.4000000059604645,-4.247499942779541
img/1485.jpg,0.4000000059604645,-4.334333419799805
img/1486.jpg,0.4000000059604645,-4.39633321762085
img/1487.jpg,0.4000000059604645,-4.450000286102295
img/1488.jpg,0.4000000059604645,-4.375
img/1489.jpg,0.4000000059604645,-3.5249998569488525
img/1490.jpg,0.4000000059604645,-2.375
img/1491.jpg,0.4000000059604645,-1.524999976158142
img/1492.jpg,0.4000000059604645,-0.749833345413208
img/1493.jpg,0.4000000059604645,-0.6995000243186951
img/1494.jpg,0.4000000059604645,-1.149999976158142
img/1495.jpg,0.4000000059604645,-1.9249999523162842
img/1496.jpg,0.4000000059604645,-3.049999952316284
img/1497.jpg,0.4000000059604645,-3.5
img/1498.jpg,0.4000000059604645,-3.450000047683716
img/1499.jpg,0.4000000059604645,-3.450000047683716
img/1500.jpg,0.4000000059604645,-3.424999952316284
img/1501.jpg,0.4000000059604645,-3.450000047683716
img/1502.jpg,0.4000000059604645,-3.5
img/1503.jpg,0.4000000059604645,-3.5
img/1504.jpg,0.4000000059604645,-3.5249998569488525
img/1505.jpg,0.4000000059604645,-3.4749999046325684
img/1506.jpg,0.4000000059604645,-3.4749999046325684
img/1507.jpg,0.4000000059604645,-3.5249998569488525
img/1508.jpg,0.4000000059604645,-3.5999999046325684
img/1509.jpg,0.4000000059604645,-3.7249999046325684
img/1510.jpg,0.4000000059604645,-3.8999998569488525
img/1511.jpg,0.4000000059604645,-4.050000190734863
img/1512.jpg,0.4000000059604645,-4.099999904632568
img/1513.jpg,0.4000000059604645,-4.175000190734863
img/1514.jpg,0.4000000059604645,-4.175000190734863
img/1515.jpg,0.4000000059604645,-4.224999904632568
img/1516.jpg,0.4000000059604645,-4.200000286102295
img/1517.jpg,0.4000000059604645,-4.25
img/1518.jpg,0.4000000059604645,-4.200000286102295
img/1519.jpg,0.4000000059604645,-4.224999904632568
img/1520.jpg,0.4000000059604645,-4.200000286102295
img/1521.jpg,0.4000000059604645,-4.200000286102295
img/1522.jpg,0.4000000059604645,-4.150000095367432
img/1523.jpg,0.4000000059604645,-4.075000286102295
img/1524.jpg,0.4000000059604645,-4.0
img/1525.jpg,0.4000000059604645,-3.8999998569488525
img/1526.jpg,0.4000000059604645,-3.7749998569488525
img/1527.jpg,0.4000000059604645,-3.625
img/1528.jpg,0.4000000059604645,-3.4749999046325684
img/1529.jpg,0.4000000059604645,-3.325000047683716
img/1530.jpg,0.4000000059604645,-3.1499998569488525
img/1531.jpg,0.4000000059604645,-2.9749999046325684
img/1532.jpg,0.4000000059604645,-2.825000047683716
img/1533.jpg,0.4000000059604645,-2.674999952316284
img/1534.jpg,0.4000000059604645,-2.4749999046325684
img/1535.jpg,0.4000000059604645,-2.2750000953674316
img/1536.jpg,0.4000000059604645,-1.875
img/1537.jpg,0.4000000059604645,-1.6749999523162842
img/1538.jpg,0.4000000059604645,-0.800000011920929
img/1539.jpg,0.4000000059604645,-0.5491666793823242
img/1540.jpg,0.4000000059604645,-0.12191665172576904
img/1541.jpg,0.4000000059604645,0.13116668164730072
img/1542.jpg,0.4000000059604645,0.35999998450279236
img/1543.jpg,0.4000000059604645,0.5394167304039001
img/1544.jpg,0.4000000059604645,0.7444999814033508
img/1545.jpg,0.4000000059604645,0.9251667261123657
img/1546.jpg,0.4000000059604645,1.0562500953674316
img/1547.jpg,0.4000000059604645,1.16266667842865
img/1548.jpg,0.4000000059604645,1.2944999933242798
img/1549.jpg,0.4000000059604645,1.3514999151229858
img/1550.jpg,0.4000000059604645,1.408666729927063
img/1551.jpg,0.4000000059604645,1.4910832643508911
img/1552.jpg,0.4000000059604645,1.498499870300293
img/1553.jpg,0.4000000059604645,1.4808334112167358
img/1554.jpg,0.4000000059604645,1.5132498741149902
img/1555.jpg,0.4000000059604645,1.495583415031433
img/1556.jpg,0.4000000059604645,1.4778332710266113
img/1557.jpg,0.4000000059604645,1.4600000381469727
img/1558.jpg,0.4000000059604645,1.4420833587646484
img/1559.jpg,0.4000000059604645,1.3990000486373901
img/1560.jpg,0.4000000059604645,1.3557500839233398
img/1561.jpg,0.4000000059604645,1.312333345413208
img/1562.jpg,0.4000000059604645,1.2687499523162842
img/1563.jpg,0.4000000059604645,1.1748334169387817
img/1564.jpg,0.4000000059604645,1.1056666374206543
img/1565.jpg,0.4000000059604645,1.0362499952316284
img/1566.jpg,0.4000000059604645,0.9916666746139526
img/1567.jpg,0.4000000059604645,0.8967499732971191
img/1568.jpg,0.4000000059604645,0.8265833854675293
img/1569.jpg,0.4000000059604645,0.7561666369438171
img/1570.jpg,0.4000000059604645,0.45975005626678467
img/1571.jpg,0.4000000059604645,0.23758335411548615
img/1572.jpg,0.4000000059604645,-0.03550001233816147
img/1573.jpg,0.4000000059604645,-0.30949997901916504
img/1574.jpg,0.4000000059604645,-0.5844166874885559
img/1575.jpg,0.4000000059604645,-0.8853333592414856
img/1576.jpg,0.4000000059604645,-1.2374166250228882
img/1577.jpg,0.4000000059604645,-1.6659165620803833
img/1578.jpg,0.4000000059604645,-2.1209166049957275
img/1579.jpg,0.4000000059604645,-2.5774166584014893
img/1580.jpg,0.4000000059604645,-2.9350833892822266
img/1581.jpg,0.4000000059604645,-3.293916702270508
img/1582.jpg,0.4000000059604645,-3.628833293914795
img/1583.jpg,0.4000000059604645,-3.8895833492279053
img/1584.jpg,0.4000000059604645,-4.075916767120361
img/1585.jpg,0.4000000059604645,-4.262833595275879
img/1586.jpg,0.4000000059604645,-4.425250053405762
img/1587.jpg,0.4000000059604645,-4.5881667137146
img/1588.jpg,0.4000000059604645,-4.601083278656006
img/1589.jpg,0.4000000059604645,-4.739416599273682
img/1590.jpg,0.4000000059604645,-4.777833461761475
img/1591.jpg,0.4000000059604645,-4.866499900817871
img/1592.jpg,0.4000000059604645,-4.880166530609131
img/1593.jpg,0.4000000059604645,-4.918916702270508
img/1594.jpg,0.4000000059604645,-4.900000095367432
img/1595.jpg,0.4000000059604645,-4.800000190734863
img/1596.jpg,0.4000000059604645,-4.800000190734863
img/1597.jpg,0.4000000059604645,-4.75
img/1598.jpg,0.4000000059604645,-4.724999904632568
img/1599.jpg,0.4000000059604645,-4.675000190734863
img/1600.jpg,0.4000000059604645,-4.575000286102295
img/1601.jpg,0.4000000059604645,-4.575000286102295
img/1602.jpg,0.4000000059604645,-4.425000190734863
img/1603.jpg,0.4000000059604645,-4.349999904632568
img/1604.jpg,0.4000000059604645,-4.25
img/1605.jpg,0.4000000059604645,-4.275000095367432
img/1606.jpg,0.4000000059604645,-4.224999904632568
img/1607.jpg,0.4000000059604645,-4.200000286102295
img/1608.jpg,0.4000000059604645,-4.375
img/1609.jpg,0.4000000059604645,-4.450000286102295
img/1610.jpg,0.4000000059604645,-4.450000286102295
img/1611.jpg,0.4000000059604645,-4.400000095367432
img/1612.jpg,0.4000000059604645,-4.375
img/1613.jpg,0.4000000059604645,-4.300000190734863
img/1614.jpg,0.4000000059604645,-4.200000286102295
img/1615.jpg,0.4000000059604645,-4.050000190734863
img/1616.jpg,0.4000000059604645,-3.9749999046325684
img/1617.jpg,0.4000000059604645,-3.825000047683716
img/1618.jpg,0.4000000059604645,-3.700000047683716
img/1619.jpg,0.4000000059604645,-3.5249998569488525
img/1620.jpg,0.4000000059604645,-3.375
img/1621.jpg,0.4000000059604645,-3.200000047683716
img/1622.jpg,0.4000000059604645,-3.0249998569488525
img/1623.jpg,0.4000000059604645,-2.8499999046325684
img/1624.jpg,0.4000000059604645,-2.674999952316284
img/1625.jpg,0.4000000059604645,-2.450000047683716
img/1626.jpg,0.4000000059604645,-2.25
img/1627.jpg,0.4000000059604645,-2.049999952316284
img/1628.jpg,0.4000000059604645,-1.7999999523162842
img/1629.jpg,0.4000000059604645,-1.5749999284744263
img/1630.jpg,0.4000000059604645,-1.350000023841858
img/1631.jpg,0.4000000059604645,-1.125
img/1632.jpg,0.4000000059604645,-0.925000011920929
img/1633.jpg,0.4000000059604645,-0.6996666789054871
img/1634.jpg,0.4000000059604645,-0.5488333106040955
img/1635.jpg,0.4000000059604645,-0.42258334159851074
img/1636.jpg,0.4000000059604645,-0.32100000977516174
img/1637.jpg,0.4000000059604645,-0.1939999759197235
img/1638.jpg,0.4000000059604645,-0.09166667610406876
img/1639.jpg,0.4000000059604645,-0.03916666656732559
img/1640.jpg,0.4000000059604645,0.03858331963419914
img/1641.jpg,0.4000000059604645,0.14166668057441711
img/1642.jpg,0.4000000059604645,0.19491669535636902
img/1643.jpg,0.4000000059604645,0.24833330512046814
img/1644.jpg,0.4000000059604645,0.3019167184829712
img/1645.jpg,0.4000000059604645,0.3556666672229767
img/1646.jpg,0.4000000059604645,0.3343333601951599
img/1647.jpg,0.4000000059604645,0.33800002932548523
img/1648.jpg,0.4000000059604645,0.36675000190734863
img/1649.jpg,0.4000000059604645,0.37049999833106995
img/1650.jpg,0.4000000059604645,0.3491666913032532
img/1651.jpg,0.4000000059604645,0.3528333604335785
img/1652.jpg,0.4000000059604645,0.40666663646698
img/1653.jpg,0.4000000059604645,0.4104999899864197
img/1654.jpg,0.4000000059604645,0.414333313703537
img/1655.jpg,0.4000000059604645,0.4181666374206543
img/1656.jpg,0.4000000059604645,0.4219999611377716
img/1657.jpg,0.4000000059604645,0.4007500112056732
img/1658.jpg,0.4000000059604645,0.40450000762939453
img/1659.jpg,0.4000000059604645,0.40825000405311584
img/1660.jpg,0.4000000059604645,0.3869166970252991
img/1661.jpg,0.4000000059604645,0.3655000329017639
img/1662.jpg,0.4000000059604645,0.36908337473869324
img/1663.jpg,0.4000000059604645,0.39775002002716064
img/1664.jpg,0.4000000059604645,0.3763333857059479
img/1665.jpg,0.4000000059604645,0.3548332750797272
img/1666.jpg,0.4000000059604645,0.3583332896232605
img/1667.jpg,0.4000000059604645,0.33674997091293335
img/1668.jpg,0.4000000059604645,0.3150833249092102
img/1669.jpg,0.4000000059604645,0.2682499885559082
img/1670.jpg,0.4000000059604645,0.22124996781349182
img/1671.jpg,0.4000000059604645,0.2242499738931656
img/1672.jpg,0.4000000059604645,0.177083358168602
img/1673.jpg,0.4000000059604645,0.10466664284467697
img/1674.jpg,0.4000000059604645,0.057083357125520706
img/1675.jpg,0.4000000059604645,0.009333344176411629
img/1676.jpg,0.4000000059604645,-0.038583334535360336
img/1677.jpg,0.4000000059604645,-0.11174999177455902
img/1678.jpg,0.4000000059604645,-0.18516667187213898
img/1679.jpg,0.4000000059604645,-0.23374998569488525
img/1680.jpg,0.4000000059604645,-0.2824999988079071
img/1681.jpg,0.4000000059604645,-0.3063333332538605
img/1682.jpg,0.4000000059604645,-0.3302500247955322
img/1683.jpg,0.4000000059604645,-0.47966668009757996
img/1684.jpg,0.4000000059604645,-0.6797500252723694
img/1685.jpg,0.4000000059604645,-0.8303333520889282
img/1686.jpg,0.4000000059604645,-1.0566667318344116
img/1687.jpg,0.4000000059604645,-1.2335833311080933
img/1688.jpg,0.4000000059604645,-1.4863333702087402
img/1689.jpg,0.4000000059604645,-1.7649999856948853
img/1690.jpg,0.4000000059604645,-2.1700000762939453
img/1691.jpg,0.4000000059604645,-2.626500129699707
img/1692.jpg,0.4000000059604645,-3.134666681289673
img/1693.jpg,0.4000000059604645,-3.49399995803833
img/1694.jpg,0.4000000059604645,-3.72908353805542
img/1695.jpg,0.4000000059604645,-3.914750099182129
img/1696.jpg,0.4000000059604645,-4.075916767120361
img/1697.jpg,0.4000000059604645,-4.262666702270508
img/1698.jpg,0.4000000059604645,-4.374750137329102
img/1699.jpg,0.4000000059604645,-4.386833190917969
img/1700.jpg,0.4000000059604645,-4.4741668701171875
img/1701.jpg,0.4000000059604645,-4.51158332824707
img/1702.jpg,0.4000000059604645,-4.649416446685791
img/1703.jpg,0.4000000059604645,-4.650000095367432
img/1704.jpg,0.4000000059604645,-4.525000095367432
img/1705.jpg,0.4000000059604645,-4.525000095367432
img/1706.jpg,0.4000000059604645,-4.575000286102295
img/1707.jpg,0.4000000059604645,-4.525000095367432
img/1708.jpg,0.4000000059604645,-4.575000286102295
img/1709.jpg,0.4000000059604645,-4.525000095367432
img/1710.jpg,0.4000000059604645,-4.474999904632568
img/1711.jpg,0.4000000059604645,-4.325000286102295
img/1712.jpg,0.4000000059604645,-4.224999904632568
img/1713.jpg,0.4000000059604645,-4.099999904632568
img/1714.jpg,0.4000000059604645,-4.025000095367432
img/1715.jpg,0.4000000059604645,-3.950000047683716
img/1716.jpg,0.4000000059604645,-3.825000047683716
img/1717.jpg,0.4000000059604645,-3.7249999046325684
img/1718.jpg,0.4000000059604645,-3.625
img/1719.jpg,0.4000000059604645,-3.5
img/1720.jpg,0.4000000059604645,-3.5249998569488525
img/1721.jpg,0.4000000059604645,-3.549999952316284
img/1722.jpg,0.4000000059604645,-3.5999999046325684
img/1723.jpg,0.4000000059604645,-3.549999952316284
img/1724.jpg,0.4000000059604645,-3.549999952316284
img/1725.jpg,0.4000000059604645,-3.5249998569488525
img/1726.jpg,0.4000000059604645,-3.5
img/1727.jpg,0.4000000059604645,-3.450000047683716
img/1728.jpg,0.4000000059604645,-3.424999952316284
img/1729.jpg,0.4000000059604645,-3.3999998569488525
img/1730.jpg,0.4000000059604645,-3.375
img/1731.jpg,0.4000000059604645,-3.2249999046325684
img/1732.jpg,0.4000000059604645,-3.1499998569488525
img/1733.jpg,0.4000000059604645,-3.049999952316284
img/1734.jpg,0.4000000059604645,-3.0
img/1735.jpg,0.4000000059604645,-2.875
img/1736.jpg,0.4000000059604645,-2.75
img/1737.jpg,0.4000000059604645,-2.625
img/1738.jpg,0.4000000059604645,-2.549999952316284
img/1739.jpg,0.4000000059604645,-2.4000000953674316
img/1740.jpg,0.4000000059604645,-2.2750000953674316
img/1741.jpg,0.4000000059604645,-2.200000047683716
img/1742.jpg,0.4000000059604645,-2.0999999046325684
img/1743.jpg,0.4000000059604645,-2.0250000953674316
img/1744.jpg,0.4000000059604645,-1.899999976158142
img/1745.jpg,0.4000000059604645,-1.8249999284744263
img/1746.jpg,0.4000000059604645,-1.6999999284744263
img/1747.jpg,0.4000000059604645,-1.5749999284744263
img/1748.jpg,0.4000000059604645,-1.4249999523162842
img/1749.jpg,0.4000000059604645,-1.274999976158142
img/1750.jpg,0.4000000059604645,-1.149999976158142
img/1751.jpg,0.4000000059604645,-1.0499999523162842
img/1752.jpg,0.4000000059604645,-0.925000011920929
img/1753.jpg,0.4000000059604645,-0.800000011920929
img/1754.jpg,0.4000000059604645,-0.6745833158493042
img/1755.jpg,0.4000000059604645,-0.5738333463668823
img/1756.jpg,0.4000000059604645,-0.4476666748523712
img/1757.jpg,0.4000000059604645,-0.32108333706855774
img/1758.jpg,0.4000000059604645,-0.24424998462200165
img/1759.jpg,0.4000000059604645,-0.11699999123811722
img/1760.jpg,0.4000000059604645,-0.039500001817941666
img/1761.jpg,0.4000000059604645,0.03824998810887337
